Workbook

Sheet INDICE_HOJAS
B2: HOJAS
B3: RESUMEN_HNCxTIPO_porcent
B4: HNCxTIPO
B5: CALEND_REUNIONxPROF
B6: CALENDARIO_REUNIONES
B7: BORRAR_REPETIDOS
B8: BORRAR_NO _VIGENTE
B9: Horas_FUNC
B10: FUNC
B11: CONSO_ENCUESTAS
B12: ENCUESTA_GESTION
B13: ENCUESTA_REU
... B21: REF

Sheet RESUMEN_HNCxTIPO
A1: =IFERROR(__xludf.DUMMYFUNCTION("QUERY(HNCxTIPO!A3:I1000,""SELECT A,B,SUM(C) WHERE B IS NOT NULL GROUP BY A,B LABEL SUM(C) 'JORNADAS' "",1)"),"CATEG") -> CATEG | B1: =IFERROR(__xludf.DUMMYFUNCTION("""COMPUTED_VALUE"""),"CARGO") -> CARGO | C1: =IFERROR(__xludf.DUMMYFUNCTION("""COMPUTED_VALUE"""),"JORNADAS") -> JORNADAS | D1: GESTION | E1: REUNION | F1: DERECHO FUNCIONARIO | G1: HORAS CLINICAS
A2: =IFERROR(__xludf.DUMMYFUNCTION("""COMPUTED_VALUE"""),"CAT_A") -> CAT_A | B2: =IFERROR(__xludf.DUMMYFUNCTION("""COMPUTED_VALUE"""),"CIRUJANO DENTISTA") -> CIRUJANO DENTISTA | C2: =IFERROR(__xludf.DUMMYFUNCTION("""COMPUTED_VALUE"""),66.0) -> 66 | D2: =IFERROR(__xludf.DUMMYFUNCTION("IFERROR(INDEX(QUERY(HNCxTIPO!$A$3:$I27,""SELECT sum(E) WHERE B='""&$B2&""' "",0),2),"""")"),2.9) -> 2.9 | E2: =IFERROR(__xludf.DUMMYFUNCTION("IFERROR(INDEX(QUERY(HNCxTIPO!$A$3:$I27,""SELECT sum(F) WHERE B='""&$B2&""' "",0),2),"""")"),2.2) -> 2.2 | F2: =IFERROR(__xludf.DUMMYFUNCTION("IFERROR(INDEX(QUERY(HNCxTIPO!$A$3:$I27,""SELECT sum(G) WHERE B='""&$B2&""' "",0),2),"""")"),7.41) -> 7.41 | G2: =C2-D2-E2-F2 -> 53.49
A3: =IFERROR(__xludf.DUMMYFUNCTION("""COMPUTED_VALUE"""),"CAT_A") -> CAT_A | B3: =IFERROR(__xludf.DUMMYFUNCTION("""COMPUTED_VALUE"""),"MEDICO CIRUJANO") -> MEDICO CIRUJANO | C3: =IFERROR(__xludf.DUMMYFUNCTION("""COMPUTED_VALUE"""),88.0) -> 88 | D3: =IFERROR(__xludf.DUMMYFUNCTION("IFERROR(INDEX(QUERY(HNCxTIPO!$A$3:$I27,""SELECT sum(E) WHERE B='""&$B3&""' "",0),2),"""")"),6.05) -> 6.05 | E3: =IFERROR(__xludf.DUMMYFUNCTION("IFERROR(INDEX(QUERY(HNCxTIPO!$A$3:$I27,""SELECT sum(F) WHERE B='""&$B3&""' "",0),2),"""")"),4.4) -> 4.4 | F3: =IFERROR(__xludf.DUMMYFUNCTION("IFERROR(INDEX(QUERY(HNCxTIPO!$A$3:$I27,""SELECT sum(G) WHERE B='""&$B3&""' "",0),2),"""")"),12.5) -> 12.5 | G3: =C3-D3-E3-F3 -> 65.05
A4: =IFERROR(__xludf.DUMMYFUNCTION("""COMPUTED_VALUE"""),"CAT_B") -> CAT_B | B4: =IFERROR(__xludf.DUMMYFUNCTION("""COMPUTED_VALUE"""),"ENFERMERA(O)") -> ENFERMERA(O) | C4: =IFERROR(__xludf.DUMMYFUNCTION("""COMPUTED_VALUE"""),66.0) -> 66 | D4: =IFERROR(__xludf.DUMMYFUNCTION("IFERROR(INDEX(QUERY(HNCxTIPO!$A$3:$I27,""SELECT sum(E) WHERE B='""&$B4&""' "",0),2),"""")"),27.4) -> 27.4 | E4: =IFERROR(__xludf.DUMMYFUNCTION("IFERROR(INDEX(QUERY(HNCxTIPO!$A$3:$I27,""SELECT sum(F) WHERE B='""&$B4&""' "",0),2),"""")"),2.2) -> 2.2 | F4: =IFERROR(__xludf.DUMMYFUNCTION("IFERROR(INDEX(QUERY(HNCxTIPO!$A$3:$I27,""SELECT sum(G) WHERE B='""&$B4&""' "",0),2),"""")"),8.75) -> 8.75 | G4: =C4-D4-E4-F4 -> 27.65
A5: =IFERROR(__xludf.DUMMYFUNCTION("""COMPUTED_VALUE"""),"CAT_B") -> CAT_B | B5: =IFERROR(__xludf.DUMMYFUNCTION("""COMPUTED_VALUE"""),"GESTOR COMUNITARIO") -> GESTOR COMUNITARIO | C5: =IFERROR(__xludf.DUMMYFUNCTION("""COMPUTED_VALUE"""),33.0) -> 33 | D5: =IFERROR(__xludf.DUMMYFUNCTION("IFERROR(INDEX(QUERY(HNCxTIPO!$A$3:$I27,""SELECT sum(E) WHERE B='""&$B5&""' "",0),2),"""")"),33.9) -> 33.9 | E5: =IFERROR(__xludf.DUMMYFUNCTION("IFERROR(INDEX(QUERY(HNCxTIPO!$A$3:$I27,""SELECT sum(F) WHERE B='""&$B5&""' "",0),2),"""")"),2.2) -> 2.2 | F5: =IFERROR(__xludf.DUMMYFUNCTION("IFERROR(INDEX(QUERY(HNCxTIPO!$A$3:$I27,""SELECT sum(G) WHERE B='""&$B5&""' "",0),2),"""")"),6.25) -> 6.25 | G5: =C5-D5-E5-F5 -> -9.35
A6: =IFERROR(__xludf.DUMMYFUNCTION("""COMPUTED_VALUE"""),"CAT_B") -> CAT_B | B6: =IFERROR(__xludf.DUMMYFUNCTION("""COMPUTED_VALUE"""),"KINESIOLOGA/O") -> KINESIOLOGA/O | C6: =IFERROR(__xludf.DUMMYFUNCTION("""COMPUTED_VALUE"""),44.0) -> 44 | D6: =IFERROR(__xludf.DUMMYFUNCTION("IFERROR(INDEX(QUERY(HNCxTIPO!$A$3:$I27,""SELECT sum(E) WHERE B='""&$B6&""' "",0),2),"""")"),8.0) -> 8 | E6: =IFERROR(__xludf.DUMMYFUNCTION("IFERROR(INDEX(QUERY(HNCxTIPO!$A$3:$I27,""SELECT sum(F) WHERE B='""&$B6&""' "",0),2),"""")"),2.2) -> 2.2 | F6: =IFERROR(__xludf.DUMMYFUNCTION("IFERROR(INDEX(QUERY(HNCxTIPO!$A$3:$I27,""SELECT sum(G) WHERE B='""&$B6&""' "",0),2),"""")"),6.66) -> 6.66 | G6: =C6-D6-E6-F6 -> 27.14
A7: =IFERROR(__xludf.DUMMYFUNCTION("""COMPUTED_VALUE"""),"CAT_B") -> CAT_B | B7: =IFERROR(__xludf.DUMMYFUNCTION("""COMPUTED_VALUE"""),"MATRON/A") -> MATRON/A | C7: =IFERROR(__xludf.DUMMYFUNCTION("""COMPUTED_VALUE"""),44.0) -> 44 | D7: =IFERROR(__xludf.DUMMYFUNCTION("IFERROR(INDEX(QUERY(HNCxTIPO!$A$3:$I27,""SELECT sum(E) WHERE B='""&$B7&""' "",0),2),"""")"),17.0) -> 17 | E7: =IFERROR(__xludf.DUMMYFUNCTION("IFERROR(INDEX(QUERY(HNCxTIPO!$A$3:$I27,""SELECT sum(F) WHERE B='""&$B7&""' "",0),2),"""")"),1.6) -> 1.6 | F7: =IFERROR(__xludf.DUMMYFUNCTION("IFERROR(INDEX(QUERY(HNCxTIPO!$A$3:$I27,""SELECT sum(G) WHERE B='""&$B7&""' "",0),2),"""")"),6.66) -> 6.66 | G7: =C7-D7-E7-F7 -> 18.74
A8: =IFERROR(__xludf.DUMMYFUNCTION("""COMPUTED_VALUE"""),"CAT_B") -> CAT_B | B8: =IFERROR(__xludf.DUMMYFUNCTION("""COMPUTED_VALUE"""),"NUTRICIONISTA") -> NUTRICIONISTA | C8: =IFERROR(__xludf.DUMMYFUNCTION("""COMPUTED_VALUE"""),44.0) -> 44 | D8: =IFERROR(__xludf.DUMMYFUNCTION("IFERROR(INDEX(QUERY(HNCxTIPO!$A$3:$I27,""SELECT sum(E) WHERE B='""&$B8&""' "",0),2),"""")"),24.0) -> 24 | E8: =IFERROR(__xludf.DUMMYFUNCTION("IFERROR(INDEX(QUERY(HNCxTIPO!$A$3:$I27,""SELECT sum(F) WHERE B='""&$B8&""' "",0),2),"""")"),2.2) -> 2.2 | F8: =IFERROR(__xludf.DUMMYFUNCTION("IFERROR(INDEX(QUERY(HNCxTIPO!$A$3:$I27,""SELECT sum(G) WHERE B='""&$B8&""' "",0),2),"""")"),6.25) -> 6.25 | G8: =C8-D8-E8-F8 -> 11.55
A9: =IFERROR(__xludf.DUMMYFUNCTION("""COMPUTED_VALUE"""),"CAT_B") -> CAT_B | B9: =IFERROR(__xludf.DUMMYFUNCTION("""COMPUTED_VALUE"""),"PSICOLOGA/O") -> PSICOLOGA/O | C9: =IFERROR(__xludf.DUMMYFUNCTION("""COMPUTED_VALUE"""),44.0) -> 44 | D9: =IFERROR(__xludf.DUMMYFUNCTION("IFERROR(INDEX(QUERY(HNCxTIPO!$A$3:$I27,""SELECT sum(E) WHERE B='""&$B9&""' "",0),2),"""")"),1.8) -> 1.8 | E9: =IFERROR(__xludf.DUMMYFUNCTION("IFERROR(INDEX(QUERY(HNCxTIPO!$A$3:$I27,""SELECT sum(F) WHERE B='""&$B9&""' "",0),2),"""")"),2.2) -> 2.2 | F9: =IFERROR(__xludf.DUMMYFUNCTION("IFERROR(INDEX(QUERY(HNCxTIPO!$A$3:$I27,""SELECT sum(G) WHERE B='""&$B9&""' "",0),2),"""")"),5.75) -> 5.75 | G9: =C9-D9-E9-F9 -> 34.25
A10: =IFERROR(__xludf.DUMMYFUNCTION("""COMPUTED_VALUE"""),"CAT_B") -> CAT_B | B10: =IFERROR(__xludf.DUMMYFUNCTION("""COMPUTED_VALUE"""),"TRABAJADOR/A SOCIAL") -> TRABAJADOR/A SOCIAL | C10: =IFERROR(__xludf.DUMMYFUNCTION("""COMPUTED_VALUE"""),88.0) -> 88 | D10: =IFERROR(__xludf.DUMMYFUNCTION("IFERROR(INDEX(QUERY(HNCxTIPO!$A$3:$I27,""SELECT sum(E) WHERE B='""&$B10&""' "",0),2),"""")"),23.799999999999997) -> 23.8 | E10: =IFERROR(__xludf.DUMMYFUNCTION("IFERROR(INDEX(QUERY(HNCxTIPO!$A$3:$I27,""SELECT sum(F) WHERE B='""&$B10&""' "",0),2),"""")"),2.2) -> 2.2 | F10: =IFERROR(__xludf.DUMMYFUNCTION("IFERROR(INDEX(QUERY(HNCxTIPO!$A$3:$I27,""SELECT sum(G) WHERE B='""&$B10&""' "",0),2),"""")"),34.5) -> 34.5 | G10: =C10-D10-E10-F10 -> 27.5
A11: =IFERROR(__xludf.DUMMYFUNCTION("""COMPUTED_VALUE"""),"CAT_C") -> CAT_C | B11: =IFERROR(__xludf.DUMMYFUNCTION("""COMPUTED_VALUE"""),"PODOLOGA") -> PODOLOGA | C11: =IFERROR(__xludf.DUMMYFUNCTION("""COMPUTED_VALUE"""),22.0) -> 22 | D11: =IFERROR(__xludf.DUMMYFUNCTION("IFERROR(INDEX(QUERY(HNCxTIPO!$A$3:$I27,""SELECT sum(E) WHERE B='""&$B11&""' "",0),2),"""")"),0.9) -> 0.9 | E11: =IFERROR(__xludf.DUMMYFUNCTION("IFERROR(INDEX(QUERY(HNCxTIPO!$A$3:$I27,""SELECT sum(F) WHERE B='""&$B11&""' "",0),2),"""")"),"") | F11: =IFERROR(__xludf.DUMMYFUNCTION("IFERROR(INDEX(QUERY(HNCxTIPO!$A$3:$I27,""SELECT sum(G) WHERE B='""&$B11&""' "",0),2),"""")"),2.5) -> 2.5 | G11: =C11-D11-E11-F11 -> 18.6
A12: =IFERROR(__xludf.DUMMYFUNCTION("""COMPUTED_VALUE"""),"CAT_C") -> CAT_C | B12: =IFERROR(__xludf.DUMMYFUNCTION("""COMPUTED_VALUE"""),"TENS") -> TENS | C12: =IFERROR(__xludf.DUMMYFUNCTION("""COMPUTED_VALUE"""),132.0) -> 132 | D12: =IFERROR(__xludf.DUMMYFUNCTION("IFERROR(INDEX(QUERY(HNCxTIPO!$A$3:$I27,""SELECT sum(E) WHERE B='""&$B12&""' "",0),2),"""")"),6.0) -> 6 | E12: =IFERROR(__xludf.DUMMYFUNCTION("IFERROR(INDEX(QUERY(HNCxTIPO!$A$3:$I27,""SELECT sum(F) WHERE B='""&$B12&""' "",0),2),"""")"),6.6000000000000005) -> 6.6 | F12: =IFERROR(__xludf.DUMMYFUNCTION("IFERROR(INDEX(QUERY(HNCxTIPO!$A$3:$I27,""SELECT sum(G) WHERE B='""&$B12&""' "",0),2),"""")"),18.75) -> 18.75 | G12: =C12-D12-E12-F12 -> 100.65
A13: =IFERROR(__xludf.DUMMYFUNCTION("""COMPUTED_VALUE"""),"CAT_C") -> CAT_C | B13: =IFERROR(__xludf.DUMMYFUNCTION("""COMPUTED_VALUE"""),"TENS FARMACIA") -> TENS FARMACIA | C13: =IFERROR(__xludf.DUMMYFUNCTION("""COMPUTED_VALUE"""),44.0) -> 44 | D13: =IFERROR(__xludf.DUMMYFUNCTION("IFERROR(INDEX(QUERY(HNCxTIPO!$A$3:$I27,""SELECT sum(E) WHERE B='""&$B13&""' "",0),2),"""")"),2.0) -> 2 | E13: =IFERROR(__xludf.DUMMYFUNCTION("IFERROR(INDEX(QUERY(HNCxTIPO!$A$3:$I27,""SELECT sum(F) WHERE B='""&$B13&""' "",0),2),"""")"),2.2) -> 2.2 | F13: =IFERROR(__xludf.DUMMYFUNCTION("IFERROR(INDEX(QUERY(HNCxTIPO!$A$3:$I27,""SELECT sum(G) WHERE B='""&$B13&""' "",0),2),"""")"),6.25) -> 6.25 | G13: =C13-D13-E13-F13 -> 33.55
A14: =IFERROR(__xludf.DUMMYFUNCTION("""COMPUTED_VALUE"""),"CAT_C") -> CAT_C | B14: =IFERROR(__xludf.DUMMYFUNCTION("""COMPUTED_VALUE"""),"TONS") -> TONS | C14: =IFERROR(__xludf.DUMMYFUNCTION("""COMPUTED_VALUE"""),44.0) -> 44

Sheet RESUMEN_HNCxTIPO_porcent
A1: =IFERROR(__xludf.DUMMYFUNCTION("QUERY(HNCxTIPO!A3:I1000,""SELECT A,B,SUM(C) WHERE B IS NOT NULL GROUP BY A,B LABEL SUM(C) 'JORNADAS' "",1)"),"CATEG") -> CATEG | B1: =IFERROR(__xludf.DUMMYFUNCTION("""COMPUTED_VALUE"""),"CARGO") -> CARGO | C1: =IFERROR(__xludf.DUMMYFUNCTION("""COMPUTED_VALUE"""),"JORNADAS") -> JORNADAS | D1: GESTION | E1: REUNION | F1: DERECHO FUNCIONARIO
A2: =IFERROR(__xludf.DUMMYFUNCTION("""COMPUTED_VALUE"""),"CAT_A") -> CAT_A | B2: =IFERROR(__xludf.DUMMYFUNCTION("""COMPUTED_VALUE"""),"CIRUJANO DENTISTA") -> CIRUJANO DENTISTA | C2: =IFERROR(__xludf.DUMMYFUNCTION("""COMPUTED_VALUE"""),66.0) -> 66 | D2: =IFERROR(__xludf.DUMMYFUNCTION("IFERROR(INDEX(QUERY(HNCxTIPO!$A$3:$I27,""SELECT sum(E)/SUM(H) WHERE B='""&$B2&""' "",0),2),"""")"),0.23181454836131093) -> 0.23181455 | E2: =IFERROR(__xludf.DUMMYFUNCTION("IFERROR(INDEX(QUERY(HNCxTIPO!$A$3:$I27,""SELECT sum(F)/SUM(H) WHERE B='""&$B2&""' "",0),2),"""")"),0.17585931254996004) -> 0.17585931 | F2: =IFERROR(__xludf.DUMMYFUNCTION("IFERROR(INDEX(QUERY(HNCxTIPO!$A$3:$I27,""SELECT sum(G)/SUM(H) WHERE B='""&$B2&""' "",0),2),"""")"),0.592326139088729) -> 0.59232614
A3: =IFERROR(__xludf.DUMMYFUNCTION("""COMPUTED_VALUE"""),"CAT_A") -> CAT_A | B3: =IFERROR(__xludf.DUMMYFUNCTION("""COMPUTED_VALUE"""),"MEDICO CIRUJANO") -> MEDICO CIRUJANO | C3: =IFERROR(__xludf.DUMMYFUNCTION("""COMPUTED_VALUE"""),88.0) -> 88 | D3: =IFERROR(__xludf.DUMMYFUNCTION("IFERROR(INDEX(QUERY(HNCxTIPO!$A$3:$I27,""SELECT sum(E)/SUM(H) WHERE B='""&$B3&""' "",0),2),"""")"),0.2636165577342048) -> 0.26361656 | E3: =IFERROR(__xludf.DUMMYFUNCTION("IFERROR(INDEX(QUERY(HNCxTIPO!$A$3:$I27,""SELECT sum(F)/SUM(H) WHERE B='""&$B3&""' "",0),2),"""")"),0.1917211328976035) -> 0.19172113 | F3: =IFERROR(__xludf.DUMMYFUNCTION("IFERROR(INDEX(QUERY(HNCxTIPO!$A$3:$I27,""SELECT sum(G)/SUM(H) WHERE B='""&$B3&""' "",0),2),"""")"),0.5446623093681917) -> 0.54466231
A4: =IFERROR(__xludf.DUMMYFUNCTION("""COMPUTED_VALUE"""),"CAT_B") -> CAT_B | B4: =IFERROR(__xludf.DUMMYFUNCTION("""COMPUTED_VALUE"""),"ENFERMERA(O)") -> ENFERMERA(O) | C4: =IFERROR(__xludf.DUMMYFUNCTION("""COMPUTED_VALUE"""),66.0) -> 66 | D4: =IFERROR(__xludf.DUMMYFUNCTION("IFERROR(INDEX(QUERY(HNCxTIPO!$A$3:$I27,""SELECT sum(E)/SUM(H) WHERE B='""&$B4&""' "",0),2),"""")"),0.7144719687092568) -> 0.71447197 | E4: =IFERROR(__xludf.DUMMYFUNCTION("IFERROR(INDEX(QUERY(HNCxTIPO!$A$3:$I27,""SELECT sum(F)/SUM(H) WHERE B='""&$B4&""' "",0),2),"""")"),0.05736636245110822) -> 0.057366362 | F4: =IFERROR(__xludf.DUMMYFUNCTION("IFERROR(INDEX(QUERY(HNCxTIPO!$A$3:$I27,""SELECT sum(G)/SUM(H) WHERE B='""&$B4&""' "",0),2),"""")"),0.22816166883963493) -> 0.22816167
A5: =IFERROR(__xludf.DUMMYFUNCTION("""COMPUTED_VALUE"""),"CAT_B") -> CAT_B | B5: =IFERROR(__xludf.DUMMYFUNCTION("""COMPUTED_VALUE"""),"GESTOR COMUNITARIO") -> GESTOR COMUNITARIO | C5: =IFERROR(__xludf.DUMMYFUNCTION("""COMPUTED_VALUE"""),33.0) -> 33 | D5: =IFERROR(__xludf.DUMMYFUNCTION("IFERROR(INDEX(QUERY(HNCxTIPO!$A$3:$I27,""SELECT sum(E)/SUM(H) WHERE B='""&$B5&""' "",0),2),"""")"),0.8004722550177095) -> 0.80047225 | E5: =IFERROR(__xludf.DUMMYFUNCTION("IFERROR(INDEX(QUERY(HNCxTIPO!$A$3:$I27,""SELECT sum(F)/SUM(H) WHERE B='""&$B5&""' "",0),2),"""")"),0.05194805194805195) -> 0.051948052 | F5: =IFERROR(__xludf.DUMMYFUNCTION("IFERROR(INDEX(QUERY(HNCxTIPO!$A$3:$I27,""SELECT sum(G)/SUM(H) WHERE B='""&$B5&""' "",0),2),"""")"),0.14757969303423848) -> 0.14757969
A6: =IFERROR(__xludf.DUMMYFUNCTION("""COMPUTED_VALUE"""),"CAT_B") -> CAT_B | B6: =IFERROR(__xludf.DUMMYFUNCTION("""COMPUTED_VALUE"""),"KINESIOLOGA/O") -> KINESIOLOGA/O | C6: =IFERROR(__xludf.DUMMYFUNCTION("""COMPUTED_VALUE"""),44.0) -> 44 | D6: =IFERROR(__xludf.DUMMYFUNCTION("IFERROR(INDEX(QUERY(HNCxTIPO!$A$3:$I27,""SELECT sum(E)/SUM(H) WHERE B='""&$B6&""' "",0),2),"""")"),0.4744958481613286) -> 0.47449585 | E6: =IFERROR(__xludf.DUMMYFUNCTION("IFERROR(INDEX(QUERY(HNCxTIPO!$A$3:$I27,""SELECT sum(F)/SUM(H) WHERE B='""&$B6&""' "",0),2),"""")"),0.13048635824436539) -> 0.13048636 | F6: =IFERROR(__xludf.DUMMYFUNCTION("IFERROR(INDEX(QUERY(HNCxTIPO!$A$3:$I27,""SELECT sum(G)/SUM(H) WHERE B='""&$B6&""' "",0),2),"""")"),0.39501779359430605) -> 0.39501779
A7: =IFERROR(__xludf.DUMMYFUNCTION("""COMPUTED_VALUE"""),"CAT_B") -> CAT_B | B7: =IFERROR(__xludf.DUMMYFUNCTION("""COMPUTED_VALUE"""),"MATRON/A") -> MATRON/A | C7: =IFERROR(__xludf.DUMMYFUNCTION("""COMPUTED_VALUE"""),44.0) -> 44 | D7: =IFERROR(__xludf.DUMMYFUNCTION("IFERROR(INDEX(QUERY(HNCxTIPO!$A$3:$I27,""SELECT sum(E)/SUM(H) WHERE B='""&$B7&""' "",0),2),"""")"),0.6730007917656373) -> 0.67300079 | E7: =IFERROR(__xludf.DUMMYFUNCTION("IFERROR(INDEX(QUERY(HNCxTIPO!$A$3:$I27,""SELECT sum(F)/SUM(H) WHERE B='""&$B7&""' "",0),2),"""")"),0.06334125098970704) -> 0.063341251 | F7: =IFERROR(__xludf.DUMMYFUNCTION("IFERROR(INDEX(QUERY(HNCxTIPO!$A$3:$I27,""SELECT sum(G)/SUM(H) WHERE B='""&$B7&""' "",0),2),"""")"),0.26365795724465557) -> 0.26365796
A8: =IFERROR(__xludf.DUMMYFUNCTION("""COMPUTED_VALUE"""),"CAT_B") -> CAT_B | B8: =IFERROR(__xludf.DUMMYFUNCTION("""COMPUTED_VALUE"""),"NUTRICIONISTA") -> NUTRICIONISTA | C8: =IFERROR(__xludf.DUMMYFUNCTION("""COMPUTED_VALUE"""),44.0) -> 44 | D8: =IFERROR(__xludf.DUMMYFUNCTION("IFERROR(INDEX(QUERY(HNCxTIPO!$A$3:$I27,""SELECT sum(E)/SUM(H) WHERE B='""&$B8&""' "",0),2),"""")"),0.7395993836671803) -> 0.73959938 | E8: =IFERROR(__xludf.DUMMYFUNCTION("IFERROR(INDEX(QUERY(HNCxTIPO!$A$3:$I27,""SELECT sum(F)/SUM(H) WHERE B='""&$B8&""' "",0),2),"""")"),0.06779661016949153) -> 0.06779661 | F8: =IFERROR(__xludf.DUMMYFUNCTION("IFERROR(INDEX(QUERY(HNCxTIPO!$A$3:$I27,""SELECT sum(G)/SUM(H) WHERE B='""&$B8&""' "",0),2),"""")"),0.19260400616332818) -> 0.19260401
A9: =IFERROR(__xludf.DUMMYFUNCTION("""COMPUTED_VALUE"""),"CAT_B") -> CAT_B | B9: =IFERROR(__xludf.DUMMYFUNCTION("""COMPUTED_VALUE"""),"PSICOLOGA/O") -> PSICOLOGA/O | C9: =IFERROR(__xludf.DUMMYFUNCTION("""COMPUTED_VALUE"""),44.0) -> 44 | D9: =IFERROR(__xludf.DUMMYFUNCTION("IFERROR(INDEX(QUERY(HNCxTIPO!$A$3:$I27,""SELECT sum(E)/SUM(H) WHERE B='""&$B9&""' "",0),2),"""")"),0.18461538461538463) -> 0.18461538 | E9: =IFERROR(__xludf.DUMMYFUNCTION("IFERROR(INDEX(QUERY(HNCxTIPO!$A$3:$I27,""SELECT sum(F)/SUM(H) WHERE B='""&$B9&""' "",0),2),"""")"),0.22564102564102567) -> 0.22564103 | F9: =IFERROR(__xludf.DUMMYFUNCTION("IFERROR(INDEX(QUERY(HNCxTIPO!$A$3:$I27,""SELECT sum(G)/SUM(H) WHERE B='""&$B9&""' "",0),2),"""")"),0.5897435897435898) -> 0.58974359
A10: =IFERROR(__xludf.DUMMYFUNCTION("""COMPUTED_VALUE"""),"CAT_B") -> CAT_B | B10: =IFERROR(__xludf.DUMMYFUNCTION("""COMPUTED_VALUE"""),"TRABAJADOR/A SOCIAL") -> TRABAJADOR/A SOCIAL | C10: =IFERROR(__xludf.DUMMYFUNCTION("""COMPUTED_VALUE"""),88.0) -> 88 | D10: =IFERROR(__xludf.DUMMYFUNCTION("IFERROR(INDEX(QUERY(HNCxTIPO!$A$3:$I27,""SELECT sum(E)/SUM(H) WHERE B='""&$B10&""' "",0),2),"""")"),0.39338842975206606) -> 0.39338843 | E10: =IFERROR(__xludf.DUMMYFUNCTION("IFERROR(INDEX(QUERY(HNCxTIPO!$A$3:$I27,""SELECT sum(F)/SUM(H) WHERE B='""&$B10&""' "",0),2),"""")"),0.03636363636363637) -> 0.036363636 | F10: =IFERROR(__xludf.DUMMYFUNCTION("IFERROR(INDEX(QUERY(HNCxTIPO!$A$3:$I27,""SELECT sum(G)/SUM(H) WHERE B='""&$B10&""' "",0),2),"""")"),0.5702479338842975) -> 0.57024793
A11: =IFERROR(__xludf.DUMMYFUNCTION("""COMPUTED_VALUE"""),"CAT_C") -> CAT_C | B11: =IFERROR(__xludf.DUMMYFUNCTION("""COMPUTED_VALUE"""),"PODOLOGA") -> PODOLOGA | C11: =IFERROR(__xludf.DUMMYFUNCTION("""COMPUTED_VALUE"""),22.0) -> 22 | D11: =IFERROR(__xludf.DUMMYFUNCTION("IFERROR(INDEX(QUERY(HNCxTIPO!$A$3:$I27,""SELECT sum(E)/SUM(H) WHERE B='""&$B11&""' "",0),2),"""")"),0.2647058823529412) -> 0.26470588 | E11: =IFERROR(__xludf.DUMMYFUNCTION("IFERROR(INDEX(QUERY(HNCxTIPO!$A$3:$I27,""SELECT sum(F)/SUM(H) WHERE B='""&$B11&""' "",0),2),"""")"),"") | F11: =IFERROR(__xludf.DUMMYFUNCTION("IFERROR(INDEX(QUERY(HNCxTIPO!$A$3:$I27,""SELECT sum(G)/SUM(H) WHERE B='""&$B11&""' "",0),2),"""")"),0.7352941176470589) -> 0.73529412
A12: =IFERROR(__xludf.DUMMYFUNCTION("""COMPUTED_VALUE"""),"CAT_C") -> CAT_C | B12: =IFERROR(__xludf.DUMMYFUNCTION("""COMPUTED_VALUE"""),"TENS") -> TENS | C12: =IFERROR(__xludf.DUMMYFUNCTION("""COMPUTED_VALUE"""),132.0) -> 132 | D12: =IFERROR(__xludf.DUMMYFUNCTION("IFERROR(INDEX(QUERY(HNCxTIPO!$A$3:$I27,""SELECT sum(E)/SUM(H) WHERE B='""&$B12&""' "",0),2),"""")"),0.19138755980861244) -> 0.19138756 | E12: =IFERROR(__xludf.DUMMYFUNCTION("IFERROR(INDEX(QUERY(HNCxTIPO!$A$3:$I27,""SELECT sum(F)/SUM(H) WHERE B='""&$B12&""' "",0),2),"""")"),0.21052631578947373) -> 0.21052632 | F12: =IFERROR(__xludf.DUMMYFUNCTION("IFERROR(INDEX(QUERY(HNCxTIPO!$A$3:$I27,""SELECT sum(G)/SUM(H) WHERE B='""&$B12&""' "",0),2),"""")"),0.5980861244019139) -> 0.59808612
A13: =IFERROR(__xludf.DUMMYFUNCTION("""COMPUTED_VALUE"""),"CAT_C") -> CAT_C | B13: =IFERROR(__xludf.DUMMYFUNCTION("""COMPUTED_VALUE"""),"TENS FARMACIA") -> TENS FARMACIA | C13: =IFERROR(__xludf.DUMMYFUNCTION("""COMPUTED_VALUE"""),44.0) -> 44 | D13: =IFERROR(__xludf.DUMMYFUNCTION("IFERROR(INDEX(QUERY(HNCxTIPO!$A$3:$I27,""SELECT sum(E)/SUM(H) WHERE B='""&$B13&""' "",0),2),"""")"),0.19138755980861244) -> 0.19138756 | E13: =IFERROR(__xludf.DUMMYFUNCTION("IFERROR(INDEX(QUERY(HNCxTIPO!$A$3:$I27,""SELECT sum(F)/SUM(H) WHERE B='""&$B13&""' "",0),2),"""")"),0.21052631578947373) -> 0.21052632 | F13: =IFERROR(__xludf.DUMMYFUNCTION("IFERROR(INDEX(QUERY(HNCxTIPO!$A$3:$I27,""SELECT sum(G)/SUM(H) WHERE B='""&$B13&""' "",0),2),"""")"),0.5980861244019139) -> 0.59808612
A14: =IFERROR(__xludf.DUMMYFUNCTION("""COMPUTED_VALUE"""),"CAT_C") -> CAT_C | B14: =IFERROR(__xludf.DUMMYFUNCTION("""COMPUTED_VALUE"""),"TONS") -> TONS | C14: =IFERROR(__xludf.DUMMYFUNCTION("""COMPUTED_VALUE"""),44.0) -> 44 | D14: =IFERROR(__xludf.DUMMYFUNCTION("IFERROR(INDEX(QUERY(HNCxTIPO!$A$3:$I27,""SELECT sum(E)/""&C14&"" WHERE B='""&$B14&""' "",0),2),"""")"),0.045454545454545456) -> 0.045454545 | E14: =IFERROR(__xludf.DUMMYFUNCTION("IFERROR(INDEX(QUERY(HNCxTIPO!$A$3:$I27,""SELECT sum(F)/""&C14&"" WHERE B='""&$B14&""' "",0),2),"""")"),0.05) -> 0.05 | F14: =IFERROR(__xludf.DUMMYFUNCTION("IFERROR(INDEX(QUERY(HNCxTIPO!$A$3:$I27,""SELECT sum(G)/""&C14&"" WHERE B='""&$B14&""' "",0),2),"""")"),0.14204545454545456) -> 0.14204545

Sheet HNCxTIPO
C1: =IFERROR(__xludf.DUMMYFUNCTION("COUNTUNIQUE(D4:D123)"),20.0) -> 20 | D1: Nro HNC obtenida de BD_ENCUESTAS = | E1: =ENCUESTA_GESTION!H1 -> 157.75 | F1: =ENCUESTA_REU!H1 -> 34.4 | G1: =ENCUESTA_DER!H1 -> 135.14
C2: =SUM(C4:C123) -> 759 | D2: Nro HNC obtenida de HNCxTIPO = | E2: =SUM(E4:E123) -> 155.75 | F2: =SUM(F4:F123) -> 32.4 | G2: =SUM(G4:G123) -> 128.48 | H2: =SUM(H4:H123) -> 316.63
A3: =IFERROR(__xludf.DUMMYFUNCTION("QUERY(FUNC!A1:E1000,""SELECT B,C,D,E WHERE B IS NOT NULL AND B MATCHES '.*CAT_A|CAT_B|CAT_C|CAT_D.*' ORDER BY B,D LABEL D 'JORNADA' "",1)"),"CATEG") -> CATEG | B3: =IFERROR(__xludf.DUMMYFUNCTION("""COMPUTED_VALUE"""),"CARGO") -> CARGO | C3: =IFERROR(__xludf.DUMMYFUNCTION("""COMPUTED_VALUE"""),"JORNADA") -> JORNADA | D3: =IFERROR(__xludf.DUMMYFUNCTION("""COMPUTED_VALUE"""),"FUNCIONARIO") -> FUNCIONARIO | E3: GESTION | F3: REUNION | G3: DERECHO FUNCIONARIO | H3: TOTAL HNC
A4: =IFERROR(__xludf.DUMMYFUNCTION("""COMPUTED_VALUE"""),"CAT_A") -> CAT_A | B4: =IFERROR(__xludf.DUMMYFUNCTION("""COMPUTED_VALUE"""),"CIRUJANO DENTISTA") -> CIRUJANO DENTISTA | C4: =IFERROR(__xludf.DUMMYFUNCTION("""COMPUTED_VALUE"""),22.0) -> 22 | D4: =IFERROR(__xludf.DUMMYFUNCTION("""COMPUTED_VALUE"""),"JAIME REYES TORO") -> JAIME REYES TORO | E4: =IFERROR(__xludf.DUMMYFUNCTION("IFERROR(INDEX(QUERY(ENCUESTA_GESTION!$A$3:$H1000,""SELECT sum(H) WHERE B='""&$D4&""' "",0),2),"""")"),2.0) -> 2 | F4: =IFERROR(__xludf.DUMMYFUNCTION("IFERROR(INDEX(QUERY(ENCUESTA_REU!$A$3:$H1000,""SELECT sum(H) WHERE B='""&$D4&""' "",0),2),"""")")," ") | G4: =IFERROR(__xludf.DUMMYFUNCTION("IFERROR(INDEX(QUERY(ENCUESTA_DER!$A$3:$H1000,""SELECT sum(H) WHERE B='""&$D4&""' "",0),2),"""")"),2.75) -> 2.75 | H4: =SUM(E4:G4) -> 4.75
A5: =IFERROR(__xludf.DUMMYFUNCTION("""COMPUTED_VALUE"""),"CAT_A") -> CAT_A | B5: =IFERROR(__xludf.DUMMYFUNCTION("""COMPUTED_VALUE"""),"MEDICO CIRUJANO") -> MEDICO CIRUJANO | C5: =IFERROR(__xludf.DUMMYFUNCTION("""COMPUTED_VALUE"""),44.0) -> 44 | D5: =IFERROR(__xludf.DUMMYFUNCTION("""COMPUTED_VALUE"""),"GERARDO VALENCIA BERMUDEZ") -> GERARDO VALENCIA BERMUDEZ | E5: =IFERROR(__xludf.DUMMYFUNCTION("IFERROR(INDEX(QUERY(ENCUESTA_GESTION!$A$3:$H1000,""SELECT sum(H) WHERE B='""&$D5&""' "",0),2),"""")"),2.15) -> 2.15 | F5: =IFERROR(__xludf.DUMMYFUNCTION("IFERROR(INDEX(QUERY(ENCUESTA_REU!$A$3:$H1000,""SELECT sum(H) WHERE B='""&$D5&""' "",0),2),"""")"),2.2) -> 2.2 | G5: =IFERROR(__xludf.DUMMYFUNCTION("IFERROR(INDEX(QUERY(ENCUESTA_DER!$A$3:$H1000,""SELECT sum(H) WHERE B='""&$D5&""' "",0),2),"""")"),6.25) -> 6.25 | H5: =SUM(E5:G5) -> 10.6
A6: =IFERROR(__xludf.DUMMYFUNCTION("""COMPUTED_VALUE"""),"CAT_A") -> CAT_A | B6: =IFERROR(__xludf.DUMMYFUNCTION("""COMPUTED_VALUE"""),"MEDICO CIRUJANO") -> MEDICO CIRUJANO | C6: =IFERROR(__xludf.DUMMYFUNCTION("""COMPUTED_VALUE"""),44.0) -> 44 | D6: =IFERROR(__xludf.DUMMYFUNCTION("""COMPUTED_VALUE"""),"CONSTANZA PALMA MONTERO") -> CONSTANZA PALMA MONTERO | E6: =IFERROR(__xludf.DUMMYFUNCTION("IFERROR(INDEX(QUERY(ENCUESTA_GESTION!$A$3:$H1000,""SELECT sum(H) WHERE B='""&$D6&""' "",0),2),"""")"),3.9) -> 3.9 | F6: =IFERROR(__xludf.DUMMYFUNCTION("IFERROR(INDEX(QUERY(ENCUESTA_REU!$A$3:$H1000,""SELECT sum(H) WHERE B='""&$D6&""' "",0),2),"""")"),2.2) -> 2.2 | G6: =IFERROR(__xludf.DUMMYFUNCTION("IFERROR(INDEX(QUERY(ENCUESTA_DER!$A$3:$H1000,""SELECT sum(H) WHERE B='""&$D6&""' "",0),2),"""")"),6.25) -> 6.25 | H6: =SUM(E6:G6) -> 12.35
A7: =IFERROR(__xludf.DUMMYFUNCTION("""COMPUTED_VALUE"""),"CAT_A") -> CAT_A | B7: =IFERROR(__xludf.DUMMYFUNCTION("""COMPUTED_VALUE"""),"CIRUJANO DENTISTA") -> CIRUJANO DENTISTA | C7: =IFERROR(__xludf.DUMMYFUNCTION("""COMPUTED_VALUE"""),44.0) -> 44 | D7: =IFERROR(__xludf.DUMMYFUNCTION("""COMPUTED_VALUE"""),"EDGAR CARVAJAL TORRES") -> EDGAR CARVAJAL TORRES | E7: =IFERROR(__xludf.DUMMYFUNCTION("IFERROR(INDEX(QUERY(ENCUESTA_GESTION!$A$3:$H1000,""SELECT sum(H) WHERE B='""&$D7&""' "",0),2),"""")"),0.9) -> 0.9 | F7: =IFERROR(__xludf.DUMMYFUNCTION("IFERROR(INDEX(QUERY(ENCUESTA_REU!$A$3:$H1000,""SELECT sum(H) WHERE B='""&$D7&""' "",0),2),"""")"),2.2) -> 2.2 | G7: =IFERROR(__xludf.DUMMYFUNCTION("IFERROR(INDEX(QUERY(ENCUESTA_DER!$A$3:$H1000,""SELECT sum(H) WHERE B='""&$D7&""' "",0),2),"""")"),4.66) -> 4.66 | H7: =SUM(E7:G7) -> 7.76
A8: =IFERROR(__xludf.DUMMYFUNCTION("""COMPUTED_VALUE"""),"CAT_B") -> CAT_B | B8: =IFERROR(__xludf.DUMMYFUNCTION("""COMPUTED_VALUE"""),"ENFERMERA(O)") -> ENFERMERA(O) | C8: =IFERROR(__xludf.DUMMYFUNCTION("""COMPUTED_VALUE"""),22.0) -> 22 | D8: =IFERROR(__xludf.DUMMYFUNCTION("""COMPUTED_VALUE"""),"FANNY QUINTANILLA CORDERO") -> FANNY QUINTANILLA CORDERO | E8: =IFERROR(__xludf.DUMMYFUNCTION("IFERROR(INDEX(QUERY(ENCUESTA_GESTION!$A$3:$H1000,""SELECT sum(H) WHERE B='""&$D8&""' "",0),2),"""")"),5.15) -> 5.15 | F8: =IFERROR(__xludf.DUMMYFUNCTION("IFERROR(INDEX(QUERY(ENCUESTA_REU!$A$3:$H1000,""SELECT sum(H) WHERE B='""&$D8&""' "",0),2),"""")")," ") | G8: =IFERROR(__xludf.DUMMYFUNCTION("IFERROR(INDEX(QUERY(ENCUESTA_DER!$A$3:$H1000,""SELECT sum(H) WHERE B='""&$D8&""' "",0),2),"""")"),2.5) -> 2.5 | H8: =SUM(E8:G8) -> 7.65
A9: =IFERROR(__xludf.DUMMYFUNCTION("""COMPUTED_VALUE"""),"CAT_B") -> CAT_B | B9: =IFERROR(__xludf.DUMMYFUNCTION("""COMPUTED_VALUE"""),"PSICOLOGA/O") -> PSICOLOGA/O | C9: =IFERROR(__xludf.DUMMYFUNCTION("""COMPUTED_VALUE"""),22.0) -> 22 | D9: =IFERROR(__xludf.DUMMYFUNCTION("""COMPUTED_VALUE"""),"CLAUDIO PINTO VILLALOBOS") -> CLAUDIO PINTO VILLALOBOS | E9: =IFERROR(__xludf.DUMMYFUNCTION("IFERROR(INDEX(QUERY(ENCUESTA_GESTION!$A$3:$H1000,""SELECT sum(H) WHERE B='""&$D9&""' "",0),2),"""")"),0.9) -> 0.9 | F9: =IFERROR(__xludf.DUMMYFUNCTION("IFERROR(INDEX(QUERY(ENCUESTA_REU!$A$3:$H1000,""SELECT sum(H) WHERE B='""&$D9&""' "",0),2),"""")"),2.2) -> 2.2 | G9: =IFERROR(__xludf.DUMMYFUNCTION("IFERROR(INDEX(QUERY(ENCUESTA_DER!$A$3:$H1000,""SELECT sum(H) WHERE B='""&$D9&""' "",0),2),"""")"),3.25) -> 3.25 | H9: =SUM(E9:G9) -> 6.35
A10: =IFERROR(__xludf.DUMMYFUNCTION("""COMPUTED_VALUE"""),"CAT_B") -> CAT_B | B10: =IFERROR(__xludf.DUMMYFUNCTION("""COMPUTED_VALUE"""),"PSICOLOGA/O") -> PSICOLOGA/O | C10: =IFERROR(__xludf.DUMMYFUNCTION("""COMPUTED_VALUE"""),22.0) -> 22 | D10: =IFERROR(__xludf.DUMMYFUNCTION("""COMPUTED_VALUE"""),"ELIZABETH ZARATE ROJAS") -> ELIZABETH ZARATE ROJAS | E10: =IFERROR(__xludf.DUMMYFUNCTION("IFERROR(INDEX(QUERY(ENCUESTA_GESTION!$A$3:$H1000,""SELECT sum(H) WHERE B='""&$D10&""' "",0),2),"""")"),0.9) -> 0.9 | F10: =IFERROR(__xludf.DUMMYFUNCTION("IFERROR(INDEX(QUERY(ENCUESTA_REU!$A$3:$H1000,""SELECT sum(H) WHERE B='""&$D10&""' "",0),2),"""")")," ") | G10: =IFERROR(__xludf.DUMMYFUNCTION("IFERROR(INDEX(QUERY(ENCUESTA_DER!$A$3:$H1000,""SELECT sum(H) WHERE B='""&$D10&""' "",0),2),"""")"),2.5) -> 2.5 | H10: =SUM(E10:G10) -> 3.4
A11: =IFERROR(__xludf.DUMMYFUNCTION("""COMPUTED_VALUE"""),"CAT_B") -> CAT_B | B11: =IFERROR(__xludf.DUMMYFUNCTION("""COMPUTED_VALUE"""),"GESTOR COMUNITARIO") -> GESTOR COMUNITARIO | C11: =IFERROR(__xludf.DUMMYFUNCTION("""COMPUTED_VALUE"""),33.0) -> 33 | D11: =IFERROR(__xludf.DUMMYFUNCTION("""COMPUTED_VALUE"""),"VANESSA ESPINOZA ESPINOZA") -> VANESSA ESPINOZA ESPINOZA | E11: =IFERROR(__xludf.DUMMYFUNCTION("IFERROR(INDEX(QUERY(ENCUESTA_GESTION!$A$3:$H1000,""SELECT sum(H) WHERE B='""&$D11&""' "",0),2),"""")"),33.9) -> 33.9 | F11: =IFERROR(__xludf.DUMMYFUNCTION("IFERROR(INDEX(QUERY(ENCUESTA_REU!$A$3:$H1000,""SELECT sum(H) WHERE B='""&$D11&""' "",0),2),"""")"),2.2) -> 2.2 | G11: =IFERROR(__xludf.DUMMYFUNCTION("IFERROR(INDEX(QUERY(ENCUESTA_DER!$A$3:$H1000,""SELECT sum(H) WHERE B='""&$D11&""' "",0),2),"""")"),6.25) -> 6.25 | H11: =SUM(E11:G11) -> 42.35
A12: =IFERROR(__xludf.DUMMYFUNCTION("""COMPUTED_VALUE"""),"CAT_B") -> CAT_B | B12: =IFERROR(__xludf.DUMMYFUNCTION("""COMPUTED_VALUE"""),"MATRON/A") -> MATRON/A | C12: =IFERROR(__xludf.DUMMYFUNCTION("""COMPUTED_VALUE"""),44.0) -> 44 | D12: =IFERROR(__xludf.DUMMYFUNCTION("""COMPUTED_VALUE"""),"SORAYA CRUCES DIAZ") -> SORAYA CRUCES DIAZ | E12: =IFERROR(__xludf.DUMMYFUNCTION("IFERROR(INDEX(QUERY(ENCUESTA_GESTION!$A$3:$H1000,""SELECT sum(H) WHERE B='""&$D12&""' "",0),2),"""")"),17.0) -> 17 | F12: =IFERROR(__xludf.DUMMYFUNCTION("IFERROR(INDEX(QUERY(ENCUESTA_REU!$A$3:$H1000,""SELECT sum(H) WHERE B='""&$D12&""' "",0),2),"""")"),1.6) -> 1.6 | G12: =IFERROR(__xludf.DUMMYFUNCTION("IFERROR(INDEX(QUERY(ENCUESTA_DER!$A$3:$H1000,""SELECT sum(H) WHERE B='""&$D12&""' "",0),2),"""")"),6.66) -> 6.66 | H12: =SUM(E12:G12) -> 25.26
A13: =IFERROR(__xludf.DUMMYFUNCTION("""COMPUTED_VALUE"""),"CAT_B") -> CAT_B | B13: =IFERROR(__xludf.DUMMYFUNCTION("""COMPUTED_VALUE"""),"KINESIOLOGA/O") -> KINESIOLOGA/O | C13: =IFERROR(__xludf.DUMMYFUNCTION("""COMPUTED_VALUE"""),44.0) -> 44 | D13: =IFERROR(__xludf.DUMMYFUNCTION("""COMPUTED_VALUE"""),"ALEJANDRO REYES MURILLO") -> ALEJANDRO REYES MURILLO | E13: =IFERROR(__xludf.DUMMYFUNCTION("IFERROR(INDEX(QUERY(ENCUESTA_GESTION!$A$3:$H1000,""SELECT sum(H) WHERE B='""&$D13&""' "",0),2),"""")"),8.0) -> 8 | F13: =IFERROR(__xludf.DUMMYFUNCTION("IFERROR(INDEX(QUERY(ENCUESTA_REU!$A$3:$H1000,""SELECT sum(H) WHERE B='""&$D13&""' "",0),2),"""")"),2.2) -> 2.2 | G13: =IFERROR(__xludf.DUMMYFUNCTION("IFERROR(INDEX(QUERY(ENCUESTA_DER!$A$3:$H1000,""SELECT sum(H) WHERE B='""&$D13&""' "",0),2),"""")"),6.66) -> 6.66 | H13: =SUM(E13:G13) -> 16.86
A14: =IFERROR(__xludf.DUMMYFUNCTION("""COMPUTED_VALUE"""),"CAT_B") -> CAT_B | B14: =IFERROR(__xludf.DUMMYFUNCTION("""COMPUTED_VALUE"""),"TRABAJADOR/A SOCIAL") -> TRABAJADOR/A SOCIAL | C14: =IFERROR(__xludf.DUMMYFUNCTION("""COMPUTED_VALUE"""),44.0) -> 44 | D14: =IFERROR(__xludf.DUMMYFUNCTION("""COMPUTED_VALUE"""),"MARCELA JAQUE LIZAMA") -> MARCELA JAQUE LIZAMA | E14: =IFERROR(__xludf.DUMMYFUNCTION("IFERROR(INDEX(QUERY(ENCUESTA_GESTION!$A$3:$H1000,""SELECT sum(H) WHERE B='""&$D14&""' "",0),2),"""")"),0.9) -> 0.9 | F14: =IFERROR(__xludf.DUMMYFUNCTION("IFERROR(INDEX(QUERY(ENCUESTA_REU!$A$3:$H1000,""SELECT sum(H) WHERE B='""&$D14&""' "",0),2),"""")")," ") | G14: =IFERROR(__xludf.DUMMYFUNCTION("IFERROR(INDEX(QUERY(ENCUESTA_DER!$A$3:$H1000,""SELECT sum(H) WHERE B='""&$D14&""' "",0),2),"""")"),28.25) -> 28.25 | H14: =SUM(E14:G14) -> 29.15
A15: =IFERROR(__xludf.DUMMYFUNCTION("""COMPUTED_VALUE"""),"CAT_B") -> CAT_B | B15: =IFERROR(__xludf.DUMMYFUNCTION("""COMPUTED_VALUE"""),"TRABAJADOR/A SOCIAL") -> TRABAJADOR/A SOCIAL | C15: =IFERROR(__xludf.DUMMYFUNCTION("""COMPUTED_VALUE"""),44.0) -> 44 | D15: =IFERROR(__xludf.DUMMYFUNCTION("""COMPUTED_VALUE"""),"PAULINA DIAZ MEDINA") -> PAULINA DIAZ MEDINA | E15: =IFERROR(__xludf.DUMMYFUNCTION("IFERROR(INDEX(QUERY(ENCUESTA_GESTION!$A$3:$H1000,""SELECT sum(H) WHERE B='""&$D15&""' "",0),2),"""")"),22.9) -> 22.9 | F15: =IFERROR(__xludf.DUMMYFUNCTION("IFERROR(INDEX(QUERY(ENCUESTA_REU!$A$3:$H1000,""SELECT sum(H) WHERE B='""&$D15&""' "",0),2),"""")"),2.2) -> 2.2 | G15: =IFERROR(__xludf.DUMMYFUNCTION("IFERROR(INDEX(QUERY(ENCUESTA_DER!$A$3:$H1000,""SELECT sum(H) WHERE B='""&$D15&""' "",0),2),"""")"),6.25) -> 6.25 | H15: =SUM(E15:G15) -> 31.35
A16: =IFERROR(__xludf.DUMMYFUNCTION("""COMPUTED_VALUE"""),"CAT_B") -> CAT_B | B16: =IFERROR(__xludf.DUMMYFUNCTION("""COMPUTED_VALUE"""),"ENFERMERA(O)") -> ENFERMERA(O) | C16: =IFERROR(__xludf.DUMMYFUNCTION("""COMPUTED_VALUE"""),44.0) -> 44 | D16: =IFERROR(__xludf.DUMMYFUNCTION("""COMPUTED_VALUE"""),"CAROL AMBO AMPUERO") -> CAROL AMBO AMPUERO | E16: =IFERROR(__xludf.DUMMYFUNCTION("IFERROR(INDEX(QUERY(ENCUESTA_GESTION!$A$3:$H1000,""SELECT sum(H) WHERE B='""&$D16&""' "",0),2),"""")"),22.25) -> 22.25 | F16: =IFERROR(__xludf.DUMMYFUNCTION("IFERROR(INDEX(QUERY(ENCUESTA_REU!$A$3:$H1000,""SELECT sum(H) WHERE B='""&$D16&""' "",0),2),"""")"),2.2) -> 2.2 | G16: =IFERROR(__xludf.DUMMYFUNCTION("IFERROR(INDEX(QUERY(ENCUESTA_DER!$A$3:$H1000,""SELECT sum(H) WHERE B='""&$D16&""' "",0),2),"""")"),6.25) -> 6.25 | H16: =SUM(E16:G16) -> 30.7
A17: =IFERROR(__xludf.DUMMYFUNCTION("""COMPUTED_VALUE"""),"CAT_B") -> CAT_B | B17: =IFERROR(__xludf.DUMMYFUNCTION("""COMPUTED_VALUE"""),"NUTRICIONISTA") -> NUTRICIONISTA | C17: =IFERROR(__xludf.DUMMYFUNCTION("""COMPUTED_VALUE"""),44.0) -> 44 | D17: =IFERROR(__xludf.DUMMYFUNCTION("""COMPUTED_VALUE"""),"PAULA ABARCA MORALES") -> PAULA ABARCA MORALES | E17: =IFERROR(__xludf.DUMMYFUNCTION("IFERROR(INDEX(QUERY(ENCUESTA_GESTION!$A$3:$H1000,""SELECT sum(H) WHERE B='""&$D17&""' "",0),2),"""")"),24.0) -> 24 | F17: =IFERROR(__xludf.DUMMYFUNCTION("IFERROR(INDEX(QUERY(ENCUESTA_REU!$A$3:$H1000,""SELECT sum(H) WHERE B='""&$D17&""' "",0),2),"""")"),2.2) -> 2.2 | G17: =IFERROR(__xludf.DUMMYFUNCTION("IFERROR(INDEX(QUERY(ENCUESTA_DER!$A$3:$H1000,""SELECT sum(H) WHERE B='""&$D17&""' "",0),2),"""")"),6.25) -> 6.25 | H17: =SUM(E17:G17) -> 32.45
A18: =IFERROR(__xludf.DUMMYFUNCTION("""COMPUTED_VALUE"""),"CAT_C") -> CAT_C | B18: =IFERROR(__xludf.DUMMYFUNCTION("""COMPUTED_VALUE"""),"PODOLOGA") -> PODOLOGA | C18: =IFERROR(__xludf.DUMMYFUNCTION("""COMPUTED_VALUE"""),22.0) -> 22 | D18: =IFERROR(__xludf.DUMMYFUNCTION("""COMPUTED_VALUE"""),"KARINA MONTANARES") -> KARINA MONTANARES | E18: =IFERROR(__xludf.DUMMYFUNCTION("IFERROR(INDEX(QUERY(ENCUESTA_GESTION!$A$3:$H1000,""SELECT sum(H) WHERE B='""&$D18&""' "",0),2),"""")"),0.9) -> 0.9 | F18: =IFERROR(__xludf.DUMMYFUNCTION("IFERROR(INDEX(QUERY(ENCUESTA_REU!$A$3:$H1000,""SELECT sum(H) WHERE B='""&$D18&""' "",0),2),"""")")," ") | G18: =IFERROR(__xludf.DUMMYFUNCTION("IFERROR(INDEX(QUERY(ENCUESTA_DER!$A$3:$H1000,""SELECT sum(H) WHERE B='""&$D18&""' "",0),2),"""")"),2.5) -> 2.5 | H18: =SUM(E18:G18) -> 3.4
A19: =IFERROR(__xludf.DUMMYFUNCTION("""COMPUTED_VALUE"""),"CAT_C") -> CAT_C | B19: =IFERROR(__xludf.DUMMYFUNCTION("""COMPUTED_VALUE"""),"TENS") -> TENS | C19: =IFERROR(__xludf.DUMMYFUNCTION("""COMPUTED_VALUE"""),44.0) -> 44 | D19: =IFERROR(__xludf.DUMMYFUNCTION("""COMPUTED_VALUE"""),"DANIELA ROJAS GAMBOA") -> DANIELA ROJAS GAMBOA | E19: =IFERROR(__xludf.DUMMYFUNCTION("IFERROR(INDEX(QUERY(ENCUESTA_GESTION!$A$3:$H1000,""SELECT sum(H) WHERE B='""&$D19&""' "",0),2),"""")"),2.0) -> 2 | F19: =IFERROR(__xludf.DUMMYFUNCTION("IFERROR(INDEX(QUERY(ENCUESTA_REU!$A$3:$H1000,""SELECT sum(H) WHERE B='""&$D19&""' "",0),2),"""")"),2.2) -> 2.2 | G19: =IFERROR(__xludf.DUMMYFUNCTION("IFERROR(INDEX(QUERY(ENCUESTA_DER!$A$3:$H1000,""SELECT sum(H) WHERE B='""&$D19&""' "",0),2),"""")"),6.25) -> 6.25 | H19: =SUM(E19:G19) -> 10.45
A20: =IFERROR(__xludf.DUMMYFUNCTION("""COMPUTED_VALUE"""),"CAT_C") -> CAT_C | B20: =IFERROR(__xludf.DUMMYFUNCTION("""COMPUTED_VALUE"""),"TENS") -> TENS | C20: =IFERROR(__xludf.DUMMYFUNCTION("""COMPUTED_VALUE"""),44.0) -> 44 | D20: =IFERROR(__xludf.DUMMYFUNCTION("""COMPUTED_VALUE"""),"LUIS GONZALEZ SEPULVEDA") -> LUIS GONZALEZ SEPULVEDA | E20: =IFERROR(__xludf.DUMMYFUNCTION("IFERROR(INDEX(QUERY(ENCUESTA_GESTION!$A$3:$H1000,""SELECT sum(H) WHERE B='""&$D20&""' "",0),2),"""")"),2.0) -> 2 | F20: =IFERROR(__xludf.DUMMYFUNCTION("IFERROR(INDEX(QUERY(ENCUESTA_REU!$A$3:$H1000,""SELECT sum(H) WHERE B='""&$D20&""' "",0),2),"""")"),2.2) -> 2.2 | G20: =IFERROR(__xludf.DUMMYFUNCTION("IFERROR(INDEX(QUERY(ENCUESTA_DER!$A$3:$H1000,""SELECT sum(H) WHERE B='""&$D20&""' "",0),2),"""")"),6.25) -> 6.25 | H20: =SUM(E20:G20) -> 10.45
A21: =IFERROR(__xludf.DUMMYFUNCTION("""COMPUTED_VALUE"""),"CAT_C") -> CAT_C | B21: =IFERROR(__xludf.DUMMYFUNCTION("""COMPUTED_VALUE"""),"TONS") -> TONS | C21: =IFERROR(__xludf.DUMMYFUNCTION("""COMPUTED_VALUE"""),44.0) -> 44 | D21: =IFERROR(__xludf.DUMMYFUNCTION("""COMPUTED_VALUE"""),"ANGELA ZUÑIGA MUGA") -> ANGELA ZUÑIGA MUGA | E21: =IFERROR(__xludf.DUMMYFUNCTION("IFERROR(INDEX(QUERY(ENCUESTA_GESTION!$A$3:$H1000,""SELECT sum(H) WHERE B='""&$D21&""' "",0),2),"""")"),2.0) -> 2 | F21: =IFERROR(__xludf.DUMMYFUNCTION("IFERROR(INDEX(QUERY(ENCUESTA_REU!$A$3:$H1000,""SELECT sum(H) WHERE B='""&$D21&""' "",0),2),"""")"),2.2) -> 2.2 | G21: =IFERROR(__xludf.DUMMYFUNCTION("IFERROR(INDEX(QUERY(ENCUESTA_DER!$A$3:$H1000,""SELECT sum(H) WHERE B='""&$D21&""' "",0),2),"""")"),6.25) -> 6.25 | H21: =SUM(E21:G21) -> 10.45
A22: =IFERROR(__xludf.DUMMYFUNCTION("""COMPUTED_VALUE"""),"CAT_C") -> CAT_C | B22: =IFERROR(__xludf.DUMMYFUNCTION("""COMPUTED_VALUE"""),"TENS FARMACIA") -> TENS FARMACIA | C22: =IFERROR(__xludf.DUMMYFUNCTION("""COMPUTED_VALUE"""),44.0) -> 44 | D22: =IFERROR(__xludf.DUMMYFUNCTION("""COMPUTED_VALUE"""),"VALERIA NUÑEZ QUINCHEL") -> VALERIA NUÑEZ QUINCHEL | E22: =IFERROR(__xludf.DUMMYFUNCTION("IFERROR(INDEX(QUERY(ENCUESTA_GESTION!$A$3:$H1000,""SELECT sum(H) WHERE B='""&$D22&""' "",0),2),"""")"),2.0) -> 2 | F22: =IFERROR(__xludf.DUMMYFUNCTION("IFERROR(INDEX(QUERY(ENCUESTA_REU!$A$3:$H1000,""SELECT sum(H) WHERE B='""&$D22&""' "",0),2),"""")"),2.2) -> 2.2 | G22: =IFERROR(__xludf.DUMMYFUNCTION("IFERROR(INDEX(QUERY(ENCUESTA_DER!$A$3:$H1000,""SELECT sum(H) WHERE B='""&$D22&""' "",0),2),"""")"),6.25) -> 6.25 | H22: =SUM(E22:G22) -> 10.45
A23: =IFERROR(__xludf.DUMMYFUNCTION("""COMPUTED_VALUE"""),"CAT_C") -> CAT_C | B23: =IFERROR(__xludf.DUMMYFUNCTION("""COMPUTED_VALUE"""),"TENS") -> TENS | C23: =IFERROR(__xludf.DUMMYFUNCTION("""COMPUTED_VALUE"""),44.0) -> 44 | D23: =IFERROR(__xludf.DUMMYFUNCTION("""COMPUTED_VALUE"""),"MYRRHA ANDAUR MARTINEZ") -> MYRRHA ANDAUR MARTINEZ | E23: =IFERROR(__xludf.DUMMYFUNCTION("IFERROR(INDEX(QUERY(ENCUESTA_GESTION!$A$3:$H1000,""SELECT sum(H) WHERE B='""&$D23&""' "",0),2),"""")"),2.0) -> 2 | F23: =IFERROR(__xludf.DUMMYFUNCTION("IFERROR(INDEX(QUERY(ENCUESTA_REU!$A$3:$H1000,""SELECT sum(H) WHERE B='""&$D23&""' "",0),2),"""")"),2.2) -> 2.2 | G23: =IFERROR(__xludf.DUMMYFUNCTION("IFERROR(INDEX(QUERY(ENCUESTA_DER!$A$3:$H1000,""SELECT sum(H) WHERE B='""&$D23&""' "",0),2),"""")"),6.25) -> 6.25 | H23: =SUM(E23:G23) -> 10.45
E24: =IFERROR(__xludf.DUMMYFUNCTION("IFERROR(INDEX(QUERY(ENCUESTA_GESTION!$A$3:$H1000,""SELECT sum(H) WHERE B='""&$D24&""' "",0),2),"""")"),0.0) -> 0 | F24: =IFERROR(__xludf.DUMMYFUNCTION("IFERROR(INDEX(QUERY(ENCUESTA_REU!$A$3:$H1000,""SELECT sum(H) WHERE B='""&$D24&""' "",0),2),"""")"),0.0) -> 0 | G24: =IFERROR(__xludf.DUMMYFUNCTION("IFERROR(INDEX(QUERY(ENCUESTA_DER!$A$3:$H1000,""SELECT sum(H) WHERE B='""&$D24&""' "",0),2),"""")"),0.0) -> 0 | H24: =SUM(E24:G24) -> 0
E25: =IFERROR(__xludf.DUMMYFUNCTION("IFERROR(INDEX(QUERY(ENCUESTA_GESTION!$A$3:$H1000,""SELECT sum(H) WHERE B='""&$D25&""' "",0),2),"""")"),0.0) -> 0 | F25: =IFERROR(__xludf.DUMMYFUNCTION("IFERROR(INDEX(QUERY(ENCUESTA_REU!$A$3:$H1000,""SELECT sum(H) WHERE B='""&$D25&""' "",0),2),"""")"),0.0) -> 0 | G25: =IFERROR(__xludf.DUMMYFUNCTION("IFERROR(INDEX(QUERY(ENCUESTA_DER!$A$3:$H1000,""SELECT sum(H) WHERE B='""&$D25&""' "",0),2),"""")"),0.0) -> 0 | H25: =SUM(E25:G25) -> 0
E26: =IFERROR(__xludf.DUMMYFUNCTION("IFERROR(INDEX(QUERY(ENCUESTA_GESTION!$A$3:$H1000,""SELECT sum(H) WHERE B='""&$D26&""' "",0),2),"""")"),0.0) -> 0 | F26: =IFERROR(__xludf.DUMMYFUNCTION("IFERROR(INDEX(QUERY(ENCUESTA_REU!$A$3:$H1000,""SELECT sum(H) WHERE B='""&$D26&""' "",0),2),"""")"),0.0) -> 0 | G26: =IFERROR(__xludf.DUMMYFUNCTION("IFERROR(INDEX(QUERY(ENCUESTA_DER!$A$3:$H1000,""SELECT sum(H) WHERE B='""&$D26&""' "",0),2),"""")"),0.0) -> 0 | H26: =SUM(E26:G26) -> 0
E27: =IFERROR(__xludf.DUMMYFUNCTION("IFERROR(INDEX(QUERY(ENCUESTA_GESTION!$A$3:$H1000,""SELECT sum(H) WHERE B='""&$D27&""' "",0),2),"""")"),0.0) -> 0 | F27: =IFERROR(__xludf.DUMMYFUNCTION("IFERROR(INDEX(QUERY(ENCUESTA_REU!$A$3:$H1000,""SELECT sum(H) WHERE B='""&$D27&""' "",0),2),"""")"),0.0) -> 0 | G27: =IFERROR(__xludf.DUMMYFUNCTION("IFERROR(INDEX(QUERY(ENCUESTA_DER!$A$3:$H1000,""SELECT sum(H) WHERE B='""&$D27&""' "",0),2),"""")"),0.0) -> 0 | H27: =SUM(E27:G27) -> 0
E28: =IFERROR(__xludf.DUMMYFUNCTION("IFERROR(INDEX(QUERY(ENCUESTA_GESTION!$A$3:$H1000,""SELECT sum(H) WHERE B='""&$D28&""' "",0),2),"""")"),0.0) -> 0 | F28: =IFERROR(__xludf.DUMMYFUNCTION("IFERROR(INDEX(QUERY(ENCUESTA_REU!$A$3:$H1000,""SELECT sum(H) WHERE B='""&$D28&""' "",0),2),"""")"),0.0) -> 0 | G28: =IFERROR(__xludf.DUMMYFUNCTION("IFERROR(INDEX(QUERY(ENCUESTA_DER!$A$3:$H1000,""SELECT sum(H) WHERE B='""&$D28&""' "",0),2),"""")"),0.0) -> 0 | H28: =SUM(E28:G28) -> 0
E29: =IFERROR(__xludf.DUMMYFUNCTION("IFERROR(INDEX(QUERY(ENCUESTA_GESTION!$A$3:$H1000,""SELECT sum(H) WHERE B='""&$D29&""' "",0),2),"""")"),0.0) -> 0 | F29: =IFERROR(__xludf.DUMMYFUNCTION("IFERROR(INDEX(QUERY(ENCUESTA_REU!$A$3:$H1000,""SELECT sum(H) WHERE B='""&$D29&""' "",0),2),"""")"),0.0) -> 0 | G29: =IFERROR(__xludf.DUMMYFUNCTION("IFERROR(INDEX(QUERY(ENCUESTA_DER!$A$3:$H1000,""SELECT sum(H) WHERE B='""&$D29&""' "",0),2),"""")"),0.0) -> 0 | H29: =SUM(E29:G29) -> 0
E30: =IFERROR(__xludf.DUMMYFUNCTION("IFERROR(INDEX(QUERY(ENCUESTA_GESTION!$A$3:$H1000,""SELECT sum(H) WHERE B='""&$D30&""' "",0),2),"""")"),0.0) -> 0 | F30: =IFERROR(__xludf.DUMMYFUNCTION("IFERROR(INDEX(QUERY(ENCUESTA_REU!$A$3:$H1000,""SELECT sum(H) WHERE B='""&$D30&""' "",0),2),"""")"),0.0) -> 0 | G30: =IFERROR(__xludf.DUMMYFUNCTION("IFERROR(INDEX(QUERY(ENCUESTA_DER!$A$3:$H1000,""SELECT sum(H) WHERE B='""&$D30&""' "",0),2),"""")"),0.0) -> 0 | H30: =SUM(E30:G30) -> 0
E31: =IFERROR(__xludf.DUMMYFUNCTION("IFERROR(INDEX(QUERY(ENCUESTA_GESTION!$A$3:$H1000,""SELECT sum(H) WHERE B='""&$D31&""' "",0),2),"""")"),0.0) -> 0 | F31: =IFERROR(__xludf.DUMMYFUNCTION("IFERROR(INDEX(QUERY(ENCUESTA_REU!$A$3:$H1000,""SELECT sum(H) WHERE B='""&$D31&""' "",0),2),"""")"),0.0) -> 0 | G31: =IFERROR(__xludf.DUMMYFUNCTION("IFERROR(INDEX(QUERY(ENCUESTA_DER!$A$3:$H1000,""SELECT sum(H) WHERE B='""&$D31&""' "",0),2),"""")"),0.0) -> 0 | H31: =SUM(E31:G31) -> 0
E32: =IFERROR(__xludf.DUMMYFUNCTION("IFERROR(INDEX(QUERY(ENCUESTA_GESTION!$A$3:$H1000,""SELECT sum(H) WHERE B='""&$D32&""' "",0),2),"""")"),0.0) -> 0 | F32: =IFERROR(__xludf.DUMMYFUNCTION("IFERROR(INDEX(QUERY(ENCUESTA_REU!$A$3:$H1000,""SELECT sum(H) WHERE B='""&$D32&""' "",0),2),"""")"),0.0) -> 0 | G32: =IFERROR(__xludf.DUMMYFUNCTION("IFERROR(INDEX(QUERY(ENCUESTA_DER!$A$3:$H1000,""SELECT sum(H) WHERE B='""&$D32&""' "",0),2),"""")"),0.0) -> 0 | H32: =SUM(E32:G32) -> 0
E33: =IFERROR(__xludf.DUMMYFUNCTION("IFERROR(INDEX(QUERY(ENCUESTA_GESTION!$A$3:$H1000,""SELECT sum(H) WHERE B='""&$D33&""' "",0),2),"""")"),0.0) -> 0 | F33: =IFERROR(__xludf.DUMMYFUNCTION("IFERROR(INDEX(QUERY(ENCUESTA_REU!$A$3:$H1000,""SELECT sum(H) WHERE B='""&$D33&""' "",0),2),"""")"),0.0) -> 0 | G33: =IFERROR(__xludf.DUMMYFUNCTION("IFERROR(INDEX(QUERY(ENCUESTA_DER!$A$3:$H1000,""SELECT sum(H) WHERE B='""&$D33&""' "",0),2),"""")"),0.0) -> 0 | H33: =SUM(E33:G33) -> 0
E34: =IFERROR(__xludf.DUMMYFUNCTION("IFERROR(INDEX(QUERY(ENCUESTA_GESTION!$A$3:$H1000,""SELECT sum(H) WHERE B='""&$D34&""' "",0),2),"""")"),0.0) -> 0 | F34: =IFERROR(__xludf.DUMMYFUNCTION("IFERROR(INDEX(QUERY(ENCUESTA_REU!$A$3:$H1000,""SELECT sum(H) WHERE B='""&$D34&""' "",0),2),"""")"),0.0) -> 0 | G34: =IFERROR(__xludf.DUMMYFUNCTION("IFERROR(INDEX(QUERY(ENCUESTA_DER!$A$3:$H1000,""SELECT sum(H) WHERE B='""&$D34&""' "",0),2),"""")"),0.0) -> 0 | H34: =SUM(E34:G34) -> 0
E35: =IFERROR(__xludf.DUMMYFUNCTION("IFERROR(INDEX(QUERY(ENCUESTA_GESTION!$A$3:$H1000,""SELECT sum(H) WHERE B='""&$D35&""' "",0),2),"""")"),0.0) -> 0 | F35: =IFERROR(__xludf.DUMMYFUNCTION("IFERROR(INDEX(QUERY(ENCUESTA_REU!$A$3:$H1000,""SELECT sum(H) WHERE B='""&$D35&""' "",0),2),"""")"),0.0) -> 0 | G35: =IFERROR(__xludf.DUMMYFUNCTION("IFERROR(INDEX(QUERY(ENCUESTA_DER!$A$3:$H1000,""SELECT sum(H) WHERE B='""&$D35&""' "",0),2),"""")"),0.0) -> 0 | H35: =SUM(E35:G35) -> 0
E36: =IFERROR(__xludf.DUMMYFUNCTION("IFERROR(INDEX(QUERY(ENCUESTA_GESTION!$A$3:$H1000,""SELECT sum(H) WHERE B='""&$D36&""' "",0),2),"""")"),0.0) -> 0 | F36: =IFERROR(__xludf.DUMMYFUNCTION("IFERROR(INDEX(QUERY(ENCUESTA_REU!$A$3:$H1000,""SELECT sum(H) WHERE B='""&$D36&""' "",0),2),"""")"),0.0) -> 0 | G36: =IFERROR(__xludf.DUMMYFUNCTION("IFERROR(INDEX(QUERY(ENCUESTA_DER!$A$3:$H1000,""SELECT sum(H) WHERE B='""&$D36&""' "",0),2),"""")"),0.0) -> 0 | H36: =SUM(E36:G36) -> 0
E37: =IFERROR(__xludf.DUMMYFUNCTION("IFERROR(INDEX(QUERY(ENCUESTA_GESTION!$A$3:$H1000,""SELECT sum(H) WHERE B='""&$D37&""' "",0),2),"""")"),0.0) -> 0 | F37: =IFERROR(__xludf.DUMMYFUNCTION("IFERROR(INDEX(QUERY(ENCUESTA_REU!$A$3:$H1000,""SELECT sum(H) WHERE B='""&$D37&""' "",0),2),"""")"),0.0) -> 0 | G37: =IFERROR(__xludf.DUMMYFUNCTION("IFERROR(INDEX(QUERY(ENCUESTA_DER!$A$3:$H1000,""SELECT sum(H) WHERE B='""&$D37&""' "",0),2),"""")"),0.0) -> 0 | H37: =SUM(E37:G37) -> 0
E38: =IFERROR(__xludf.DUMMYFUNCTION("IFERROR(INDEX(QUERY(ENCUESTA_GESTION!$A$3:$H1000,""SELECT sum(H) WHERE B='""&$D38&""' "",0),2),"""")"),0.0) -> 0 | F38: =IFERROR(__xludf.DUMMYFUNCTION("IFERROR(INDEX(QUERY(ENCUESTA_REU!$A$3:$H1000,""SELECT sum(H) WHERE B='""&$D38&""' "",0),2),"""")"),0.0) -> 0 | G38: =IFERROR(__xludf.DUMMYFUNCTION("IFERROR(INDEX(QUERY(ENCUESTA_DER!$A$3:$H1000,""SELECT sum(H) WHERE B='""&$D38&""' "",0),2),"""")"),0.0) -> 0 | H38: =SUM(E38:G38) -> 0
E39: =IFERROR(__xludf.DUMMYFUNCTION("IFERROR(INDEX(QUERY(ENCUESTA_GESTION!$A$3:$H1000,""SELECT sum(H) WHERE B='""&$D39&""' "",0),2),"""")"),0.0) -> 0 | F39: =IFERROR(__xludf.DUMMYFUNCTION("IFERROR(INDEX(QUERY(ENCUESTA_REU!$A$3:$H1000,""SELECT sum(H) WHERE B='""&$D39&""' "",0),2),"""")"),0.0) -> 0 | G39: =IFERROR(__xludf.DUMMYFUNCTION("IFERROR(INDEX(QUERY(ENCUESTA_DER!$A$3:$H1000,""SELECT sum(H) WHERE B='""&$D39&""' "",0),2),"""")"),0.0) -> 0 | H39: =SUM(E39:G39) -> 0
E40: =IFERROR(__xludf.DUMMYFUNCTION("IFERROR(INDEX(QUERY(ENCUESTA_GESTION!$A$3:$H1000,""SELECT sum(H) WHERE B='""&$D40&""' "",0),2),"""")"),0.0) -> 0 | F40: =IFERROR(__xludf.DUMMYFUNCTION("IFERROR(INDEX(QUERY(ENCUESTA_REU!$A$3:$H1000,""SELECT sum(H) WHERE B='""&$D40&""' "",0),2),"""")"),0.0) -> 0 | G40: =IFERROR(__xludf.DUMMYFUNCTION("IFERROR(INDEX(QUERY(ENCUESTA_DER!$A$3:$H1000,""SELECT sum(H) WHERE B='""&$D40&""' "",0),2),"""")"),0.0) -> 0 | H40: =SUM(E40:G40) -> 0
E41: =IFERROR(__xludf.DUMMYFUNCTION("IFERROR(INDEX(QUERY(ENCUESTA_GESTION!$A$3:$H1000,""SELECT sum(H) WHERE B='""&$D41&""' "",0),2),"""")"),0.0) -> 0 | F41: =IFERROR(__xludf.DUMMYFUNCTION("IFERROR(INDEX(QUERY(ENCUESTA_REU!$A$3:$H1000,""SELECT sum(H) WHERE B='""&$D41&""' "",0),2),"""")"),0.0) -> 0 | G41: =IFERROR(__xludf.DUMMYFUNCTION("IFERROR(INDEX(QUERY(ENCUESTA_DER!$A$3:$H1000,""SELECT sum(H) WHERE B='""&$D41&""' "",0),2),"""")"),0.0) -> 0 | H41: =SUM(E41:G41) -> 0
E42: =IFERROR(__xludf.DUMMYFUNCTION("IFERROR(INDEX(QUERY(ENCUESTA_GESTION!$A$3:$H1000,""SELECT sum(H) WHERE B='""&$D42&""' "",0),2),"""")"),0.0) -> 0 | F42: =IFERROR(__xludf.DUMMYFUNCTION("IFERROR(INDEX(QUERY(ENCUESTA_REU!$A$3:$H1000,""SELECT sum(H) WHERE B='""&$D42&""' "",0),2),"""")"),0.0) -> 0 | G42: =IFERROR(__xludf.DUMMYFUNCTION("IFERROR(INDEX(QUERY(ENCUESTA_DER!$A$3:$H1000,""SELECT sum(H) WHERE B='""&$D42&""' "",0),2),"""")"),0.0) -> 0 | H42: =SUM(E42:G42) -> 0
E43: =IFERROR(__xludf.DUMMYFUNCTION("IFERROR(INDEX(QUERY(ENCUESTA_GESTION!$A$3:$H1000,""SELECT sum(H) WHERE B='""&$D43&""' "",0),2),"""")"),0.0) -> 0 | F43: =IFERROR(__xludf.DUMMYFUNCTION("IFERROR(INDEX(QUERY(ENCUESTA_REU!$A$3:$H1000,""SELECT sum(H) WHERE B='""&$D43&""' "",0),2),"""")"),0.0) -> 0 | G43: =IFERROR(__xludf.DUMMYFUNCTION("IFERROR(INDEX(QUERY(ENCUESTA_DER!$A$3:$H1000,""SELECT sum(H) WHERE B='""&$D43&""' "",0),2),"""")"),0.0) -> 0 | H43: =SUM(E43:G43) -> 0
E44: =IFERROR(__xludf.DUMMYFUNCTION("IFERROR(INDEX(QUERY(ENCUESTA_GESTION!$A$3:$H1000,""SELECT sum(H) WHERE B='""&$D44&""' "",0),2),"""")"),0.0) -> 0 | F44: =IFERROR(__xludf.DUMMYFUNCTION("IFERROR(INDEX(QUERY(ENCUESTA_REU!$A$3:$H1000,""SELECT sum(H) WHERE B='""&$D44&""' "",0),2),"""")"),0.0) -> 0 | G44: =IFERROR(__xludf.DUMMYFUNCTION("IFERROR(INDEX(QUERY(ENCUESTA_DER!$A$3:$H1000,""SELECT sum(H) WHERE B='""&$D44&""' "",0),2),"""")"),0.0) -> 0 | H44: =SUM(E44:G44) -> 0
E45: =IFERROR(__xludf.DUMMYFUNCTION("IFERROR(INDEX(QUERY(ENCUESTA_GESTION!$A$3:$H1000,""SELECT sum(H) WHERE B='""&$D45&""' "",0),2),"""")"),0.0) -> 0 | F45: =IFERROR(__xludf.DUMMYFUNCTION("IFERROR(INDEX(QUERY(ENCUESTA_REU!$A$3:$H1000,""SELECT sum(H) WHERE B='""&$D45&""' "",0),2),"""")"),0.0) -> 0 | G45: =IFERROR(__xludf.DUMMYFUNCTION("IFERROR(INDEX(QUERY(ENCUESTA_DER!$A$3:$H1000,""SELECT sum(H) WHERE B='""&$D45&""' "",0),2),"""")"),0.0) -> 0 | H45: =SUM(E45:G45) -> 0
E46: =IFERROR(__xludf.DUMMYFUNCTION("IFERROR(INDEX(QUERY(ENCUESTA_GESTION!$A$3:$H1000,""SELECT sum(H) WHERE B='""&$D46&""' "",0),2),"""")"),0.0) -> 0 | F46: =IFERROR(__xludf.DUMMYFUNCTION("IFERROR(INDEX(QUERY(ENCUESTA_REU!$A$3:$H1000,""SELECT sum(H) WHERE B='""&$D46&""' "",0),2),"""")"),0.0) -> 0 | G46: =IFERROR(__xludf.DUMMYFUNCTION("IFERROR(INDEX(QUERY(ENCUESTA_DER!$A$3:$H1000,""SELECT sum(H) WHERE B='""&$D46&""' "",0),2),"""")"),0.0) -> 0 | H46: =SUM(E46:G46) -> 0
E47: =IFERROR(__xludf.DUMMYFUNCTION("IFERROR(INDEX(QUERY(ENCUESTA_GESTION!$A$3:$H1000,""SELECT sum(H) WHERE B='""&$D47&""' "",0),2),"""")"),0.0) -> 0 | F47: =IFERROR(__xludf.DUMMYFUNCTION("IFERROR(INDEX(QUERY(ENCUESTA_REU!$A$3:$H1000,""SELECT sum(H) WHERE B='""&$D47&""' "",0),2),"""")"),0.0) -> 0 | G47: =IFERROR(__xludf.DUMMYFUNCTION("IFERROR(INDEX(QUERY(ENCUESTA_DER!$A$3:$H1000,""SELECT sum(H) WHERE B='""&$D47&""' "",0),2),"""")"),0.0) -> 0 | H47: =SUM(E47:G47) -> 0
E48: =IFERROR(__xludf.DUMMYFUNCTION("IFERROR(INDEX(QUERY(ENCUESTA_GESTION!$A$3:$H1000,""SELECT sum(H) WHERE B='""&$D48&""' "",0),2),"""")"),0.0) -> 0 | F48: =IFERROR(__xludf.DUMMYFUNCTION("IFERROR(INDEX(QUERY(ENCUESTA_REU!$A$3:$H1000,""SELECT sum(H) WHERE B='""&$D48&""' "",0),2),"""")"),0.0) -> 0 | G48: =IFERROR(__xludf.DUMMYFUNCTION("IFERROR(INDEX(QUERY(ENCUESTA_DER!$A$3:$H1000,""SELECT sum(H) WHERE B='""&$D48&""' "",0),2),"""")"),0.0) -> 0 | H48: =SUM(E48:G48) -> 0
E49: =IFERROR(__xludf.DUMMYFUNCTION("IFERROR(INDEX(QUERY(ENCUESTA_GESTION!$A$3:$H1000,""SELECT sum(H) WHERE B='""&$D49&""' "",0),2),"""")"),0.0) -> 0 | F49: =IFERROR(__xludf.DUMMYFUNCTION("IFERROR(INDEX(QUERY(ENCUESTA_REU!$A$3:$H1000,""SELECT sum(H) WHERE B='""&$D49&""' "",0),2),"""")"),0.0) -> 0 | G49: =IFERROR(__xludf.DUMMYFUNCTION("IFERROR(INDEX(QUERY(ENCUESTA_DER!$A$3:$H1000,""SELECT sum(H) WHERE B='""&$D49&""' "",0),2),"""")"),0.0) -> 0 | H49: =SUM(E49:G49) -> 0
E50: =IFERROR(__xludf.DUMMYFUNCTION("IFERROR(INDEX(QUERY(ENCUESTA_GESTION!$A$3:$H1000,""SELECT sum(H) WHERE B='""&$D50&""' "",0),2),"""")"),0.0) -> 0 | F50: =IFERROR(__xludf.DUMMYFUNCTION("IFERROR(INDEX(QUERY(ENCUESTA_REU!$A$3:$H1000,""SELECT sum(H) WHERE B='""&$D50&""' "",0),2),"""")"),0.0) -> 0 | G50: =IFERROR(__xludf.DUMMYFUNCTION("IFERROR(INDEX(QUERY(ENCUESTA_DER!$A$3:$H1000,""SELECT sum(H) WHERE B='""&$D50&""' "",0),2),"""")"),0.0) -> 0 | H50: =SUM(E50:G50) -> 0
E51: =IFERROR(__xludf.DUMMYFUNCTION("IFERROR(INDEX(QUERY(ENCUESTA_GESTION!$A$3:$H1000,""SELECT sum(H) WHERE B='""&$D51&""' "",0),2),"""")"),0.0) -> 0 | F51: =IFERROR(__xludf.DUMMYFUNCTION("IFERROR(INDEX(QUERY(ENCUESTA_REU!$A$3:$H1000,""SELECT sum(H) WHERE B='""&$D51&""' "",0),2),"""")"),0.0) -> 0 | G51: =IFERROR(__xludf.DUMMYFUNCTION("IFERROR(INDEX(QUERY(ENCUESTA_DER!$A$3:$H1000,""SELECT sum(H) WHERE B='""&$D51&""' "",0),2),"""")"),0.0) -> 0 | H51: =SUM(E51:G51) -> 0
E52: =IFERROR(__xludf.DUMMYFUNCTION("IFERROR(INDEX(QUERY(ENCUESTA_GESTION!$A$3:$H1000,""SELECT sum(H) WHERE B='""&$D52&""' "",0),2),"""")"),0.0) -> 0 | F52: =IFERROR(__xludf.DUMMYFUNCTION("IFERROR(INDEX(QUERY(ENCUESTA_REU!$A$3:$H1000,""SELECT sum(H) WHERE B='""&$D52&""' "",0),2),"""")"),0.0) -> 0 | G52: =IFERROR(__xludf.DUMMYFUNCTION("IFERROR(INDEX(QUERY(ENCUESTA_DER!$A$3:$H1000,""SELECT sum(H) WHERE B='""&$D52&""' "",0),2),"""")"),0.0) -> 0 | H52: =SUM(E52:G52) -> 0
E53: =IFERROR(__xludf.DUMMYFUNCTION("IFERROR(INDEX(QUERY(ENCUESTA_GESTION!$A$3:$H1000,""SELECT sum(H) WHERE B='""&$D53&""' "",0),2),"""")"),0.0) -> 0 | F53: =IFERROR(__xludf.DUMMYFUNCTION("IFERROR(INDEX(QUERY(ENCUESTA_REU!$A$3:$H1000,""SELECT sum(H) WHERE B='""&$D53&""' "",0),2),"""")"),0.0) -> 0 | G53: =IFERROR(__xludf.DUMMYFUNCTION("IFERROR(INDEX(QUERY(ENCUESTA_DER!$A$3:$H1000,""SELECT sum(H) WHERE B='""&$D53&""' "",0),2),"""")"),0.0) -> 0 | H53: =SUM(E53:G53) -> 0
E54: =IFERROR(__xludf.DUMMYFUNCTION("IFERROR(INDEX(QUERY(ENCUESTA_GESTION!$A$3:$H1000,""SELECT sum(H) WHERE B='""&$D54&""' "",0),2),"""")"),0.0) -> 0 | F54: =IFERROR(__xludf.DUMMYFUNCTION("IFERROR(INDEX(QUERY(ENCUESTA_REU!$A$3:$H1000,""SELECT sum(H) WHERE B='""&$D54&""' "",0),2),"""")"),0.0) -> 0 | G54: =IFERROR(__xludf.DUMMYFUNCTION("IFERROR(INDEX(QUERY(ENCUESTA_DER!$A$3:$H1000,""SELECT sum(H) WHERE B='""&$D54&""' "",0),2),"""")"),0.0) -> 0 | H54: =SUM(E54:G54) -> 0
E55: =IFERROR(__xludf.DUMMYFUNCTION("IFERROR(INDEX(QUERY(ENCUESTA_GESTION!$A$3:$H1000,""SELECT sum(H) WHERE B='""&$D55&""' "",0),2),"""")"),0.0) -> 0 | F55: =IFERROR(__xludf.DUMMYFUNCTION("IFERROR(INDEX(QUERY(ENCUESTA_REU!$A$3:$H1000,""SELECT sum(H) WHERE B='""&$D55&""' "",0),2),"""")"),0.0) -> 0 | G55: =IFERROR(__xludf.DUMMYFUNCTION("IFERROR(INDEX(QUERY(ENCUESTA_DER!$A$3:$H1000,""SELECT sum(H) WHERE B='""&$D55&""' "",0),2),"""")"),0.0) -> 0 | H55: =SUM(E55:G55) -> 0
E56: =IFERROR(__xludf.DUMMYFUNCTION("IFERROR(INDEX(QUERY(ENCUESTA_GESTION!$A$3:$H1000,""SELECT sum(H) WHERE B='""&$D56&""' "",0),2),"""")"),0.0) -> 0 | F56: =IFERROR(__xludf.DUMMYFUNCTION("IFERROR(INDEX(QUERY(ENCUESTA_REU!$A$3:$H1000,""SELECT sum(H) WHERE B='""&$D56&""' "",0),2),"""")"),0.0) -> 0 | G56: =IFERROR(__xludf.DUMMYFUNCTION("IFERROR(INDEX(QUERY(ENCUESTA_DER!$A$3:$H1000,""SELECT sum(H) WHERE B='""&$D56&""' "",0),2),"""")"),0.0) -> 0 | H56: =SUM(E56:G56) -> 0
E57: =IFERROR(__xludf.DUMMYFUNCTION("IFERROR(INDEX(QUERY(ENCUESTA_GESTION!$A$3:$H1000,""SELECT sum(H) WHERE B='""&$D57&""' "",0),2),"""")"),0.0) -> 0 | F57: =IFERROR(__xludf.DUMMYFUNCTION("IFERROR(INDEX(QUERY(ENCUESTA_REU!$A$3:$H1000,""SELECT sum(H) WHERE B='""&$D57&""' "",0),2),"""")"),0.0) -> 0 | G57: =IFERROR(__xludf.DUMMYFUNCTION("IFERROR(INDEX(QUERY(ENCUESTA_DER!$A$3:$H1000,""SELECT sum(H) WHERE B='""&$D57&""' "",0),2),"""")"),0.0) -> 0 | H57: =SUM(E57:G57) -> 0
E58: =IFERROR(__xludf.DUMMYFUNCTION("IFERROR(INDEX(QUERY(ENCUESTA_GESTION!$A$3:$H1000,""SELECT sum(H) WHERE B='""&$D58&""' "",0),2),"""")"),0.0) -> 0 | F58: =IFERROR(__xludf.DUMMYFUNCTION("IFERROR(INDEX(QUERY(ENCUESTA_REU!$A$3:$H1000,""SELECT sum(H) WHERE B='""&$D58&""' "",0),2),"""")"),0.0) -> 0 | G58: =IFERROR(__xludf.DUMMYFUNCTION("IFERROR(INDEX(QUERY(ENCUESTA_DER!$A$3:$H1000,""SELECT sum(H) WHERE B='""&$D58&""' "",0),2),"""")"),0.0) -> 0 | H58: =SUM(E58:G58) -> 0
E59: =IFERROR(__xludf.DUMMYFUNCTION("IFERROR(INDEX(QUERY(ENCUESTA_GESTION!$A$3:$H1000,""SELECT sum(H) WHERE B='""&$D59&""' "",0),2),"""")"),0.0) -> 0 | F59: =IFERROR(__xludf.DUMMYFUNCTION("IFERROR(INDEX(QUERY(ENCUESTA_REU!$A$3:$H1000,""SELECT sum(H) WHERE B='""&$D59&""' "",0),2),"""")"),0.0) -> 0 | G59: =IFERROR(__xludf.DUMMYFUNCTION("IFERROR(INDEX(QUERY(ENCUESTA_DER!$A$3:$H1000,""SELECT sum(H) WHERE B='""&$D59&""' "",0),2),"""")"),0.0) -> 0 | H59: =SUM(E59:G59) -> 0
E60: =IFERROR(__xludf.DUMMYFUNCTION("IFERROR(INDEX(QUERY(ENCUESTA_GESTION!$A$3:$H1000,""SELECT sum(H) WHERE B='""&$D60&""' "",0),2),"""")"),0.0) -> 0 | F60: =IFERROR(__xludf.DUMMYFUNCTION("IFERROR(INDEX(QUERY(ENCUESTA_REU!$A$3:$H1000,""SELECT sum(H) WHERE B='""&$D60&""' "",0),2),"""")"),0.0) -> 0 | G60: =IFERROR(__xludf.DUMMYFUNCTION("IFERROR(INDEX(QUERY(ENCUESTA_DER!$A$3:$H1000,""SELECT sum(H) WHERE B='""&$D60&""' "",0),2),"""")"),0.0) -> 0 | H60: =SUM(E60:G60) -> 0
E61: =IFERROR(__xludf.DUMMYFUNCTION("IFERROR(INDEX(QUERY(ENCUESTA_GESTION!$A$3:$H1000,""SELECT sum(H) WHERE B='""&$D61&""' "",0),2),"""")"),0.0) -> 0 | F61: =IFERROR(__xludf.DUMMYFUNCTION("IFERROR(INDEX(QUERY(ENCUESTA_REU!$A$3:$H1000,""SELECT sum(H) WHERE B='""&$D61&""' "",0),2),"""")"),0.0) -> 0 | G61: =IFERROR(__xludf.DUMMYFUNCTION("IFERROR(INDEX(QUERY(ENCUESTA_DER!$A$3:$H1000,""SELECT sum(H) WHERE B='""&$D61&""' "",0),2),"""")"),0.0) -> 0 | H61: =SUM(E61:G61) -> 0
E62: =IFERROR(__xludf.DUMMYFUNCTION("IFERROR(INDEX(QUERY(ENCUESTA_GESTION!$A$3:$H1000,""SELECT sum(H) WHERE B='""&$D62&""' "",0),2),"""")"),0.0) -> 0 | F62: =IFERROR(__xludf.DUMMYFUNCTION("IFERROR(INDEX(QUERY(ENCUESTA_REU!$A$3:$H1000,""SELECT sum(H) WHERE B='""&$D62&""' "",0),2),"""")"),0.0) -> 0 | G62: =IFERROR(__xludf.DUMMYFUNCTION("IFERROR(INDEX(QUERY(ENCUESTA_DER!$A$3:$H1000,""SELECT sum(H) WHERE B='""&$D62&""' "",0),2),"""")"),0.0) -> 0 | H62: =SUM(E62:G62) -> 0
E63: =IFERROR(__xludf.DUMMYFUNCTION("IFERROR(INDEX(QUERY(ENCUESTA_GESTION!$A$3:$H1000,""SELECT sum(H) WHERE B='""&$D63&""' "",0),2),"""")"),0.0) -> 0 | F63: =IFERROR(__xludf.DUMMYFUNCTION("IFERROR(INDEX(QUERY(ENCUESTA_REU!$A$3:$H1000,""SELECT sum(H) WHERE B='""&$D63&""' "",0),2),"""")"),0.0) -> 0 | G63: =IFERROR(__xludf.DUMMYFUNCTION("IFERROR(INDEX(QUERY(ENCUESTA_DER!$A$3:$H1000,""SELECT sum(H) WHERE B='""&$D63&""' "",0),2),"""")"),0.0) -> 0 | H63: =SUM(E63:G63) -> 0
E64: =IFERROR(__xludf.DUMMYFUNCTION("IFERROR(INDEX(QUERY(ENCUESTA_GESTION!$A$3:$H1000,""SELECT sum(H) WHERE B='""&$D64&""' "",0),2),"""")"),0.0) -> 0 | F64: =IFERROR(__xludf.DUMMYFUNCTION("IFERROR(INDEX(QUERY(ENCUESTA_REU!$A$3:$H1000,""SELECT sum(H) WHERE B='""&$D64&""' "",0),2),"""")"),0.0) -> 0 | G64: =IFERROR(__xludf.DUMMYFUNCTION("IFERROR(INDEX(QUERY(ENCUESTA_DER!$A$3:$H1000,""SELECT sum(H) WHERE B='""&$D64&""' "",0),2),"""")"),0.0) -> 0 | H64: =SUM(E64:G64) -> 0
E65: =IFERROR(__xludf.DUMMYFUNCTION("IFERROR(INDEX(QUERY(ENCUESTA_GESTION!$A$3:$H1000,""SELECT sum(H) WHERE B='""&$D65&""' "",0),2),"""")"),0.0) -> 0 | F65: =IFERROR(__xludf.DUMMYFUNCTION("IFERROR(INDEX(QUERY(ENCUESTA_REU!$A$3:$H1000,""SELECT sum(H) WHERE B='""&$D65&""' "",0),2),"""")"),0.0) -> 0 | G65: =IFERROR(__xludf.DUMMYFUNCTION("IFERROR(INDEX(QUERY(ENCUESTA_DER!$A$3:$H1000,""SELECT sum(H) WHERE B='""&$D65&""' "",0),2),"""")"),0.0) -> 0 | H65: =SUM(E65:G65) -> 0
E66: =IFERROR(__xludf.DUMMYFUNCTION("IFERROR(INDEX(QUERY(ENCUESTA_GESTION!$A$3:$H1000,""SELECT sum(H) WHERE B='""&$D66&""' "",0),2),"""")"),0.0) -> 0 | F66: =IFERROR(__xludf.DUMMYFUNCTION("IFERROR(INDEX(QUERY(ENCUESTA_REU!$A$3:$H1000,""SELECT sum(H) WHERE B='""&$D66&""' "",0),2),"""")"),0.0) -> 0 | G66: =IFERROR(__xludf.DUMMYFUNCTION("IFERROR(INDEX(QUERY(ENCUESTA_DER!$A$3:$H1000,""SELECT sum(H) WHERE B='""&$D66&""' "",0),2),"""")"),0.0) -> 0 | H66: =SUM(E66:G66) -> 0
E67: =IFERROR(__xludf.DUMMYFUNCTION("IFERROR(INDEX(QUERY(ENCUESTA_GESTION!$A$3:$H1000,""SELECT sum(H) WHERE B='""&$D67&""' "",0),2),"""")"),0.0) -> 0 | F67: =IFERROR(__xludf.DUMMYFUNCTION("IFERROR(INDEX(QUERY(ENCUESTA_REU!$A$3:$H1000,""SELECT sum(H) WHERE B='""&$D67&""' "",0),2),"""")"),0.0) -> 0 | G67: =IFERROR(__xludf.DUMMYFUNCTION("IFERROR(INDEX(QUERY(ENCUESTA_DER!$A$3:$H1000,""SELECT sum(H) WHERE B='""&$D67&""' "",0),2),"""")"),0.0) -> 0 | H67: =SUM(E67:G67) -> 0
E68: =IFERROR(__xludf.DUMMYFUNCTION("IFERROR(INDEX(QUERY(ENCUESTA_GESTION!$A$3:$H1000,""SELECT sum(H) WHERE B='""&$D68&""' "",0),2),"""")"),0.0) -> 0 | F68: =IFERROR(__xludf.DUMMYFUNCTION("IFERROR(INDEX(QUERY(ENCUESTA_REU!$A$3:$H1000,""SELECT sum(H) WHERE B='""&$D68&""' "",0),2),"""")"),0.0) -> 0 | G68: =IFERROR(__xludf.DUMMYFUNCTION("IFERROR(INDEX(QUERY(ENCUESTA_DER!$A$3:$H1000,""SELECT sum(H) WHERE B='""&$D68&""' "",0),2),"""")"),0.0) -> 0 | H68: =SUM(E68:G68) -> 0
E69: =IFERROR(__xludf.DUMMYFUNCTION("IFERROR(INDEX(QUERY(ENCUESTA_GESTION!$A$3:$H1000,""SELECT sum(H) WHERE B='""&$D69&""' "",0),2),"""")"),0.0) -> 0 | F69: =IFERROR(__xludf.DUMMYFUNCTION("IFERROR(INDEX(QUERY(ENCUESTA_REU!$A$3:$H1000,""SELECT sum(H) WHERE B='""&$D69&""' "",0),2),"""")"),0.0) -> 0 | G69: =IFERROR(__xludf.DUMMYFUNCTION("IFERROR(INDEX(QUERY(ENCUESTA_DER!$A$3:$H1000,""SELECT sum(H) WHERE B='""&$D69&""' "",0),2),"""")"),0.0) -> 0 | H69: =SUM(E69:G69) -> 0
E70: =IFERROR(__xludf.DUMMYFUNCTION("IFERROR(INDEX(QUERY(ENCUESTA_GESTION!$A$3:$H1000,""SELECT sum(H) WHERE B='""&$D70&""' "",0),2),"""")"),0.0) -> 0 | F70: =IFERROR(__xludf.DUMMYFUNCTION("IFERROR(INDEX(QUERY(ENCUESTA_REU!$A$3:$H1000,""SELECT sum(H) WHERE B='""&$D70&""' "",0),2),"""")"),0.0) -> 0 | G70: =IFERROR(__xludf.DUMMYFUNCTION("IFERROR(INDEX(QUERY(ENCUESTA_DER!$A$3:$H1000,""SELECT sum(H) WHERE B='""&$D70&""' "",0),2),"""")"),0.0) -> 0 | H70: =SUM(E70:G70) -> 0
E71: =IFERROR(__xludf.DUMMYFUNCTION("IFERROR(INDEX(QUERY(ENCUESTA_GESTION!$A$3:$H1000,""SELECT sum(H) WHERE B='""&$D71&""' "",0),2),"""")"),0.0) -> 0 | F71: =IFERROR(__xludf.DUMMYFUNCTION("IFERROR(INDEX(QUERY(ENCUESTA_REU!$A$3:$H1000,""SELECT sum(H) WHERE B='""&$D71&""' "",0),2),"""")"),0.0) -> 0 | G71: =IFERROR(__xludf.DUMMYFUNCTION("IFERROR(INDEX(QUERY(ENCUESTA_DER!$A$3:$H1000,""SELECT sum(H) WHERE B='""&$D71&""' "",0),2),"""")"),0.0) -> 0 | H71: =SUM(E71:G71) -> 0
E72: =IFERROR(__xludf.DUMMYFUNCTION("IFERROR(INDEX(QUERY(ENCUESTA_GESTION!$A$3:$H1000,""SELECT sum(H) WHERE B='""&$D72&""' "",0),2),"""")"),0.0) -> 0 | F72: =IFERROR(__xludf.DUMMYFUNCTION("IFERROR(INDEX(QUERY(ENCUESTA_REU!$A$3:$H1000,""SELECT sum(H) WHERE B='""&$D72&""' "",0),2),"""")"),0.0) -> 0 | G72: =IFERROR(__xludf.DUMMYFUNCTION("IFERROR(INDEX(QUERY(ENCUESTA_DER!$A$3:$H1000,""SELECT sum(H) WHERE B='""&$D72&""' "",0),2),"""")"),0.0) -> 0 | H72: =SUM(E72:G72) -> 0
E73: =IFERROR(__xludf.DUMMYFUNCTION("IFERROR(INDEX(QUERY(ENCUESTA_GESTION!$A$3:$H1000,""SELECT sum(H) WHERE B='""&$D73&""' "",0),2),"""")"),0.0) -> 0 | F73: =IFERROR(__xludf.DUMMYFUNCTION("IFERROR(INDEX(QUERY(ENCUESTA_REU!$A$3:$H1000,""SELECT sum(H) WHERE B='""&$D73&""' "",0),2),"""")"),0.0) -> 0 | G73: =IFERROR(__xludf.DUMMYFUNCTION("IFERROR(INDEX(QUERY(ENCUESTA_DER!$A$3:$H1000,""SELECT sum(H) WHERE B='""&$D73&""' "",0),2),"""")"),0.0) -> 0 | H73: =SUM(E73:G73) -> 0
E74: =IFERROR(__xludf.DUMMYFUNCTION("IFERROR(INDEX(QUERY(ENCUESTA_GESTION!$A$3:$H1000,""SELECT sum(H) WHERE B='""&$D74&""' "",0),2),"""")"),0.0) -> 0 | F74: =IFERROR(__xludf.DUMMYFUNCTION("IFERROR(INDEX(QUERY(ENCUESTA_REU!$A$3:$H1000,""SELECT sum(H) WHERE B='""&$D74&""' "",0),2),"""")"),0.0) -> 0 | G74: =IFERROR(__xludf.DUMMYFUNCTION("IFERROR(INDEX(QUERY(ENCUESTA_DER!$A$3:$H1000,""SELECT sum(H) WHERE B='""&$D74&""' "",0),2),"""")"),0.0) -> 0 | H74: =SUM(E74:G74) -> 0
E75: =IFERROR(__xludf.DUMMYFUNCTION("IFERROR(INDEX(QUERY(ENCUESTA_GESTION!$A$3:$H1000,""SELECT sum(H) WHERE B='""&$D75&""' "",0),2),"""")"),0.0) -> 0 | F75: =IFERROR(__xludf.DUMMYFUNCTION("IFERROR(INDEX(QUERY(ENCUESTA_REU!$A$3:$H1000,""SELECT sum(H) WHERE B='""&$D75&""' "",0),2),"""")"),0.0) -> 0 | G75: =IFERROR(__xludf.DUMMYFUNCTION("IFERROR(INDEX(QUERY(ENCUESTA_DER!$A$3:$H1000,""SELECT sum(H) WHERE B='""&$D75&""' "",0),2),"""")"),0.0) -> 0 | H75: =SUM(E75:G75) -> 0
E76: =IFERROR(__xludf.DUMMYFUNCTION("IFERROR(INDEX(QUERY(ENCUESTA_GESTION!$A$3:$H1000,""SELECT sum(H) WHERE B='""&$D76&""' "",0),2),"""")"),0.0) -> 0 | F76: =IFERROR(__xludf.DUMMYFUNCTION("IFERROR(INDEX(QUERY(ENCUESTA_REU!$A$3:$H1000,""SELECT sum(H) WHERE B='""&$D76&""' "",0),2),"""")"),0.0) -> 0 | G76: =IFERROR(__xludf.DUMMYFUNCTION("IFERROR(INDEX(QUERY(ENCUESTA_DER!$A$3:$H1000,""SELECT sum(H) WHERE B='""&$D76&""' "",0),2),"""")"),0.0) -> 0 | H76: =SUM(E76:G76) -> 0
E77: =IFERROR(__xludf.DUMMYFUNCTION("IFERROR(INDEX(QUERY(ENCUESTA_GESTION!$A$3:$H1000,""SELECT sum(H) WHERE B='""&$D77&""' "",0),2),"""")"),0.0) -> 0 | F77: =IFERROR(__xludf.DUMMYFUNCTION("IFERROR(INDEX(QUERY(ENCUESTA_REU!$A$3:$H1000,""SELECT sum(H) WHERE B='""&$D77&""' "",0),2),"""")"),0.0) -> 0 | G77: =IFERROR(__xludf.DUMMYFUNCTION("IFERROR(INDEX(QUERY(ENCUESTA_DER!$A$3:$H1000,""SELECT sum(H) WHERE B='""&$D77&""' "",0),2),"""")"),0.0) -> 0 | H77: =SUM(E77:G77) -> 0
E78: =IFERROR(__xludf.DUMMYFUNCTION("IFERROR(INDEX(QUERY(ENCUESTA_GESTION!$A$3:$H1000,""SELECT sum(H) WHERE B='""&$D78&""' "",0),2),"""")"),0.0) -> 0 | F78: =IFERROR(__xludf.DUMMYFUNCTION("IFERROR(INDEX(QUERY(ENCUESTA_REU!$A$3:$H1000,""SELECT sum(H) WHERE B='""&$D78&""' "",0),2),"""")"),0.0) -> 0 | G78: =IFERROR(__xludf.DUMMYFUNCTION("IFERROR(INDEX(QUERY(ENCUESTA_DER!$A$3:$H1000,""SELECT sum(H) WHERE B='""&$D78&""' "",0),2),"""")"),0.0) -> 0 | H78: =SUM(E78:G78) -> 0
E79: =IFERROR(__xludf.DUMMYFUNCTION("IFERROR(INDEX(QUERY(ENCUESTA_GESTION!$A$3:$H1000,""SELECT sum(H) WHERE B='""&$D79&""' "",0),2),"""")"),0.0) -> 0 | F79: =IFERROR(__xludf.DUMMYFUNCTION("IFERROR(INDEX(QUERY(ENCUESTA_REU!$A$3:$H1000,""SELECT sum(H) WHERE B='""&$D79&""' "",0),2),"""")"),0.0) -> 0 | G79: =IFERROR(__xludf.DUMMYFUNCTION("IFERROR(INDEX(QUERY(ENCUESTA_DER!$A$3:$H1000,""SELECT sum(H) WHERE B='""&$D79&""' "",0),2),"""")"),0.0) -> 0 | H79: =SUM(E79:G79) -> 0
E80: =IFERROR(__xludf.DUMMYFUNCTION("IFERROR(INDEX(QUERY(ENCUESTA_GESTION!$A$3:$H1000,""SELECT sum(H) WHERE B='""&$D80&""' "",0),2),"""")"),0.0) -> 0 | F80: =IFERROR(__xludf.DUMMYFUNCTION("IFERROR(INDEX(QUERY(ENCUESTA_REU!$A$3:$H1000,""SELECT sum(H) WHERE B='""&$D80&""' "",0),2),"""")"),0.0) -> 0 | G80: =IFERROR(__xludf.DUMMYFUNCTION("IFERROR(INDEX(QUERY(ENCUESTA_DER!$A$3:$H1000,""SELECT sum(H) WHERE B='""&$D80&""' "",0),2),"""")"),0.0) -> 0 | H80: =SUM(E80:G80) -> 0
E81: =IFERROR(__xludf.DUMMYFUNCTION("IFERROR(INDEX(QUERY(ENCUESTA_GESTION!$A$3:$H1000,""SELECT sum(H) WHERE B='""&$D81&""' "",0),2),"""")"),0.0) -> 0 | F81: =IFERROR(__xludf.DUMMYFUNCTION("IFERROR(INDEX(QUERY(ENCUESTA_REU!$A$3:$H1000,""SELECT sum(H) WHERE B='""&$D81&""' "",0),2),"""")"),0.0) -> 0 | G81: =IFERROR(__xludf.DUMMYFUNCTION("IFERROR(INDEX(QUERY(ENCUESTA_DER!$A$3:$H1000,""SELECT sum(H) WHERE B='""&$D81&""' "",0),2),"""")"),0.0) -> 0 | H81: =SUM(E81:G81) -> 0
E82: =IFERROR(__xludf.DUMMYFUNCTION("IFERROR(INDEX(QUERY(ENCUESTA_GESTION!$A$3:$H1000,""SELECT sum(H) WHERE B='""&$D82&""' "",0),2),"""")"),0.0) -> 0 | F82: =IFERROR(__xludf.DUMMYFUNCTION("IFERROR(INDEX(QUERY(ENCUESTA_REU!$A$3:$H1000,""SELECT sum(H) WHERE B='""&$D82&""' "",0),2),"""")"),0.0) -> 0 | G82: =IFERROR(__xludf.DUMMYFUNCTION("IFERROR(INDEX(QUERY(ENCUESTA_DER!$A$3:$H1000,""SELECT sum(H) WHERE B='""&$D82&""' "",0),2),"""")"),0.0) -> 0 | H82: =SUM(E82:G82) -> 0
E83: =IFERROR(__xludf.DUMMYFUNCTION("IFERROR(INDEX(QUERY(ENCUESTA_GESTION!$A$3:$H1000,""SELECT sum(H) WHERE B='""&$D83&""' "",0),2),"""")"),0.0) -> 0 | F83: =IFERROR(__xludf.DUMMYFUNCTION("IFERROR(INDEX(QUERY(ENCUESTA_REU!$A$3:$H1000,""SELECT sum(H) WHERE B='""&$D83&""' "",0),2),"""")"),0.0) -> 0 | G83: =IFERROR(__xludf.DUMMYFUNCTION("IFERROR(INDEX(QUERY(ENCUESTA_DER!$A$3:$H1000,""SELECT sum(H) WHERE B='""&$D83&""' "",0),2),"""")"),0.0) -> 0 | H83: =SUM(E83:G83) -> 0
E84: =IFERROR(__xludf.DUMMYFUNCTION("IFERROR(INDEX(QUERY(ENCUESTA_GESTION!$A$3:$H1000,""SELECT sum(H) WHERE B='""&$D84&""' "",0),2),"""")"),0.0) -> 0 | F84: =IFERROR(__xludf.DUMMYFUNCTION("IFERROR(INDEX(QUERY(ENCUESTA_REU!$A$3:$H1000,""SELECT sum(H) WHERE B='""&$D84&""' "",0),2),"""")"),0.0) -> 0 | G84: =IFERROR(__xludf.DUMMYFUNCTION("IFERROR(INDEX(QUERY(ENCUESTA_DER!$A$3:$H1000,""SELECT sum(H) WHERE B='""&$D84&""' "",0),2),"""")"),0.0) -> 0 | H84: =SUM(E84:G84) -> 0
E85: =IFERROR(__xludf.DUMMYFUNCTION("IFERROR(INDEX(QUERY(ENCUESTA_GESTION!$A$3:$H1000,""SELECT sum(H) WHERE B='""&$D85&""' "",0),2),"""")"),0.0) -> 0 | F85: =IFERROR(__xludf.DUMMYFUNCTION("IFERROR(INDEX(QUERY(ENCUESTA_REU!$A$3:$H1000,""SELECT sum(H) WHERE B='""&$D85&""' "",0),2),"""")"),0.0) -> 0 | G85: =IFERROR(__xludf.DUMMYFUNCTION("IFERROR(INDEX(QUERY(ENCUESTA_DER!$A$3:$H1000,""SELECT sum(H) WHERE B='""&$D85&""' "",0),2),"""")"),0.0) -> 0 | H85: =SUM(E85:G85) -> 0
E86: =IFERROR(__xludf.DUMMYFUNCTION("IFERROR(INDEX(QUERY(ENCUESTA_GESTION!$A$3:$H1000,""SELECT sum(H) WHERE B='""&$D86&""' "",0),2),"""")"),0.0) -> 0 | F86: =IFERROR(__xludf.DUMMYFUNCTION("IFERROR(INDEX(QUERY(ENCUESTA_REU!$A$3:$H1000,""SELECT sum(H) WHERE B='""&$D86&""' "",0),2),"""")"),0.0) -> 0 | G86: =IFERROR(__xludf.DUMMYFUNCTION("IFERROR(INDEX(QUERY(ENCUESTA_DER!$A$3:$H1000,""SELECT sum(H) WHERE B='""&$D86&""' "",0),2),"""")"),0.0) -> 0 | H86: =SUM(E86:G86) -> 0
E87: =IFERROR(__xludf.DUMMYFUNCTION("IFERROR(INDEX(QUERY(ENCUESTA_GESTION!$A$3:$H1000,""SELECT sum(H) WHERE B='""&$D87&""' "",0),2),"""")"),0.0) -> 0 | F87: =IFERROR(__xludf.DUMMYFUNCTION("IFERROR(INDEX(QUERY(ENCUESTA_REU!$A$3:$H1000,""SELECT sum(H) WHERE B='""&$D87&""' "",0),2),"""")"),0.0) -> 0 | G87: =IFERROR(__xludf.DUMMYFUNCTION("IFERROR(INDEX(QUERY(ENCUESTA_DER!$A$3:$H1000,""SELECT sum(H) WHERE B='""&$D87&""' "",0),2),"""")"),0.0) -> 0 | H87: =SUM(E87:G87) -> 0
E88: =IFERROR(__xludf.DUMMYFUNCTION("IFERROR(INDEX(QUERY(ENCUESTA_GESTION!$A$3:$H1000,""SELECT sum(H) WHERE B='""&$D88&""' "",0),2),"""")"),0.0) -> 0 | F88: =IFERROR(__xludf.DUMMYFUNCTION("IFERROR(INDEX(QUERY(ENCUESTA_REU!$A$3:$H1000,""SELECT sum(H) WHERE B='""&$D88&""' "",0),2),"""")"),0.0) -> 0 | G88: =IFERROR(__xludf.DUMMYFUNCTION("IFERROR(INDEX(QUERY(ENCUESTA_DER!$A$3:$H1000,""SELECT sum(H) WHERE B='""&$D88&""' "",0),2),"""")"),0.0) -> 0 | H88: =SUM(E88:G88) -> 0
E89: =IFERROR(__xludf.DUMMYFUNCTION("IFERROR(INDEX(QUERY(ENCUESTA_GESTION!$A$3:$H1000,""SELECT sum(H) WHERE B='""&$D89&""' "",0),2),"""")"),0.0) -> 0 | F89: =IFERROR(__xludf.DUMMYFUNCTION("IFERROR(INDEX(QUERY(ENCUESTA_REU!$A$3:$H1000,""SELECT sum(H) WHERE B='""&$D89&""' "",0),2),"""")"),0.0) -> 0 | G89: =IFERROR(__xludf.DUMMYFUNCTION("IFERROR(INDEX(QUERY(ENCUESTA_DER!$A$3:$H1000,""SELECT sum(H) WHERE B='""&$D89&""' "",0),2),"""")"),0.0) -> 0 | H89: =SUM(E89:G89) -> 0
E90: =IFERROR(__xludf.DUMMYFUNCTION("IFERROR(INDEX(QUERY(ENCUESTA_GESTION!$A$3:$H1000,""SELECT sum(H) WHERE B='""&$D90&""' "",0),2),"""")"),0.0) -> 0 | F90: =IFERROR(__xludf.DUMMYFUNCTION("IFERROR(INDEX(QUERY(ENCUESTA_REU!$A$3:$H1000,""SELECT sum(H) WHERE B='""&$D90&""' "",0),2),"""")"),0.0) -> 0 | G90: =IFERROR(__xludf.DUMMYFUNCTION("IFERROR(INDEX(QUERY(ENCUESTA_DER!$A$3:$H1000,""SELECT sum(H) WHERE B='""&$D90&""' "",0),2),"""")"),0.0) -> 0 | H90: =SUM(E90:G90) -> 0
E91: =IFERROR(__xludf.DUMMYFUNCTION("IFERROR(INDEX(QUERY(ENCUESTA_GESTION!$A$3:$H1000,""SELECT sum(H) WHERE B='""&$D91&""' "",0),2),"""")"),0.0) -> 0 | F91: =IFERROR(__xludf.DUMMYFUNCTION("IFERROR(INDEX(QUERY(ENCUESTA_REU!$A$3:$H1000,""SELECT sum(H) WHERE B='""&$D91&""' "",0),2),"""")"),0.0) -> 0 | G91: =IFERROR(__xludf.DUMMYFUNCTION("IFERROR(INDEX(QUERY(ENCUESTA_DER!$A$3:$H1000,""SELECT sum(H) WHERE B='""&$D91&""' "",0),2),"""")"),0.0) -> 0 | H91: =SUM(E91:G91) -> 0
E92: =IFERROR(__xludf.DUMMYFUNCTION("IFERROR(INDEX(QUERY(ENCUESTA_GESTION!$A$3:$H1000,""SELECT sum(H) WHERE B='""&$D92&""' "",0),2),"""")"),0.0) -> 0 | F92: =IFERROR(__xludf.DUMMYFUNCTION("IFERROR(INDEX(QUERY(ENCUESTA_REU!$A$3:$H1000,""SELECT sum(H) WHERE B='""&$D92&""' "",0),2),"""")"),0.0) -> 0 | G92: =IFERROR(__xludf.DUMMYFUNCTION("IFERROR(INDEX(QUERY(ENCUESTA_DER!$A$3:$H1000,""SELECT sum(H) WHERE B='""&$D92&""' "",0),2),"""")"),0.0) -> 0 | H92: =SUM(E92:G92) -> 0
E93: =IFERROR(__xludf.DUMMYFUNCTION("IFERROR(INDEX(QUERY(ENCUESTA_GESTION!$A$3:$H1000,""SELECT sum(H) WHERE B='""&$D93&""' "",0),2),"""")"),0.0) -> 0 | F93: =IFERROR(__xludf.DUMMYFUNCTION("IFERROR(INDEX(QUERY(ENCUESTA_REU!$A$3:$H1000,""SELECT sum(H) WHERE B='""&$D93&""' "",0),2),"""")"),0.0) -> 0 | G93: =IFERROR(__xludf.DUMMYFUNCTION("IFERROR(INDEX(QUERY(ENCUESTA_DER!$A$3:$H1000,""SELECT sum(H) WHERE B='""&$D93&""' "",0),2),"""")"),0.0) -> 0 | H93: =SUM(E93:G93) -> 0
E94: =IFERROR(__xludf.DUMMYFUNCTION("IFERROR(INDEX(QUERY(ENCUESTA_GESTION!$A$3:$H1000,""SELECT sum(H) WHERE B='""&$D94&""' "",0),2),"""")"),0.0) -> 0 | F94: =IFERROR(__xludf.DUMMYFUNCTION("IFERROR(INDEX(QUERY(ENCUESTA_REU!$A$3:$H1000,""SELECT sum(H) WHERE B='""&$D94&""' "",0),2),"""")"),0.0) -> 0 | G94: =IFERROR(__xludf.DUMMYFUNCTION("IFERROR(INDEX(QUERY(ENCUESTA_DER!$A$3:$H1000,""SELECT sum(H) WHERE B='""&$D94&""' "",0),2),"""")"),0.0) -> 0 | H94: =SUM(E94:G94) -> 0
E95: =IFERROR(__xludf.DUMMYFUNCTION("IFERROR(INDEX(QUERY(ENCUESTA_GESTION!$A$3:$H1000,""SELECT sum(H) WHERE B='""&$D95&""' "",0),2),"""")"),0.0) -> 0 | F95: =IFERROR(__xludf.DUMMYFUNCTION("IFERROR(INDEX(QUERY(ENCUESTA_REU!$A$3:$H1000,""SELECT sum(H) WHERE B='""&$D95&""' "",0),2),"""")"),0.0) -> 0 | G95: =IFERROR(__xludf.DUMMYFUNCTION("IFERROR(INDEX(QUERY(ENCUESTA_DER!$A$3:$H1000,""SELECT sum(H) WHERE B='""&$D95&""' "",0),2),"""")"),0.0) -> 0 | H95: =SUM(E95:G95) -> 0
E96: =IFERROR(__xludf.DUMMYFUNCTION("IFERROR(INDEX(QUERY(ENCUESTA_GESTION!$A$3:$H1000,""SELECT sum(H) WHERE B='""&$D96&""' "",0),2),"""")"),0.0) -> 0 | F96: =IFERROR(__xludf.DUMMYFUNCTION("IFERROR(INDEX(QUERY(ENCUESTA_REU!$A$3:$H1000,""SELECT sum(H) WHERE B='""&$D96&""' "",0),2),"""")"),0.0) -> 0 | G96: =IFERROR(__xludf.DUMMYFUNCTION("IFERROR(INDEX(QUERY(ENCUESTA_DER!$A$3:$H1000,""SELECT sum(H) WHERE B='""&$D96&""' "",0),2),"""")"),0.0) -> 0 | H96: =SUM(E96:G96) -> 0
E97: =IFERROR(__xludf.DUMMYFUNCTION("IFERROR(INDEX(QUERY(ENCUESTA_GESTION!$A$3:$H1000,""SELECT sum(H) WHERE B='""&$D97&""' "",0),2),"""")"),0.0) -> 0 | F97: =IFERROR(__xludf.DUMMYFUNCTION("IFERROR(INDEX(QUERY(ENCUESTA_REU!$A$3:$H1000,""SELECT sum(H) WHERE B='""&$D97&""' "",0),2),"""")"),0.0) -> 0 | G97: =IFERROR(__xludf.DUMMYFUNCTION("IFERROR(INDEX(QUERY(ENCUESTA_DER!$A$3:$H1000,""SELECT sum(H) WHERE B='""&$D97&""' "",0),2),"""")"),0.0) -> 0 | H97: =SUM(E97:G97) -> 0
E98: =IFERROR(__xludf.DUMMYFUNCTION("IFERROR(INDEX(QUERY(ENCUESTA_GESTION!$A$3:$H1000,""SELECT sum(H) WHERE B='""&$D98&""' "",0),2),"""")"),0.0) -> 0 | F98: =IFERROR(__xludf.DUMMYFUNCTION("IFERROR(INDEX(QUERY(ENCUESTA_REU!$A$3:$H1000,""SELECT sum(H) WHERE B='""&$D98&""' "",0),2),"""")"),0.0) -> 0 | G98: =IFERROR(__xludf.DUMMYFUNCTION("IFERROR(INDEX(QUERY(ENCUESTA_DER!$A$3:$H1000,""SELECT sum(H) WHERE B='""&$D98&""' "",0),2),"""")"),0.0) -> 0 | H98: =SUM(E98:G98) -> 0
E99: =IFERROR(__xludf.DUMMYFUNCTION("IFERROR(INDEX(QUERY(ENCUESTA_GESTION!$A$3:$H1000,""SELECT sum(H) WHERE B='""&$D99&""' "",0),2),"""")"),0.0) -> 0 | F99: =IFERROR(__xludf.DUMMYFUNCTION("IFERROR(INDEX(QUERY(ENCUESTA_REU!$A$3:$H1000,""SELECT sum(H) WHERE B='""&$D99&""' "",0),2),"""")"),0.0) -> 0 | G99: =IFERROR(__xludf.DUMMYFUNCTION("IFERROR(INDEX(QUERY(ENCUESTA_DER!$A$3:$H1000,""SELECT sum(H) WHERE B='""&$D99&""' "",0),2),"""")"),0.0) -> 0 | H99: =SUM(E99:G99) -> 0
E100: =IFERROR(__xludf.DUMMYFUNCTION("IFERROR(INDEX(QUERY(ENCUESTA_GESTION!$A$3:$H1000,""SELECT sum(H) WHERE B='""&$D100&""' "",0),2),"""")"),0.0) -> 0 | F100: =IFERROR(__xludf.DUMMYFUNCTION("IFERROR(INDEX(QUERY(ENCUESTA_REU!$A$3:$H1000,""SELECT sum(H) WHERE B='""&$D100&""' "",0),2),"""")"),0.0) -> 0 | G100: =IFERROR(__xludf.DUMMYFUNCTION("IFERROR(INDEX(QUERY(ENCUESTA_DER!$A$3:$H1000,""SELECT sum(H) WHERE B='""&$D100&""' "",0),2),"""")"),0.0) -> 0 | H100: =SUM(E100:G100) -> 0
...

Sheet CALEND_REUNIONxPROF
B1: CALENDARIO REUNIONES POR PROFESIONAL | I1: SEMANA: | J1: 1
C3: PROFESIONAL: | D3: JUAN PABLO ACEITUNO JARA | H3: DERECHO FUNCIONARIO | I3: GESTION | J3: REUNION | K3: TOTAL HNC
E4: {=IF(D3="TOD@S","",CONCATENATE("Jornada: ",XLOOKUP(D3,FUNC!E:E,FUNC!D:D)," horas"))} -> #N/A | H4: =IFERROR(__xludf.DUMMYFUNCTION("IFERROR(INDEX(QUERY(CONSO_ENCUESTAS!$A$4:$H32,""SELECT sum(G) WHERE A='""&$D3&""' AND B='""&$H$3&""' "",0),2),""-"")"),"-") -> - | I4: =IFERROR(__xludf.DUMMYFUNCTION("IFERROR(INDEX(QUERY(CONSO_ENCUESTAS!$A$4:$H32,""SELECT sum(G) WHERE A='""&$D3&""' AND B='""&$I$3&""' "",0),2),""-"")"),"-") -> - | J4: =IFERROR(__xludf.DUMMYFUNCTION("IFERROR(INDEX(QUERY(CONSO_ENCUESTAS!$A$4:$H32,""SELECT sum(G) WHERE A='""&$D3&""' AND B='""&$J$3&""' "",0),2),""-"")"),"-") -> - | K4: =SUM(H4:J4) -> 0
A6: =IF(J1="TODAS","","AND I="&J1&" ") -> AND I=1 | C6: =IFERROR(__xludf.DUMMYFUNCTION("QUERY(ENCUESTA_REU!B2:Q32,""SELECT B,D,E WHERE B IS NOT NULL ""&A7&"" ORDER BY B "",1)"),"FUNCIONARIO") -> FUNCIONARIO | D6: =IFERROR(__xludf.DUMMYFUNCTION("""COMPUTED_VALUE"""),"AMBITO") -> AMBITO | E6: =IFERROR(__xludf.DUMMYFUNCTION("""COMPUTED_VALUE"""),"ACTIVIDAD") -> ACTIVIDAD | F6: CALEND | G6: SEM | H6: DIA | I6: DESDE | J6: HASTA | K6: FREC (nro veces año) | L6: TIEMPO reunion
A7: =IF(D3="TOD@S","","AND B='"&D3&"' ") -> AND B='JUAN PABLO ACEITUNO JARA' | F7: =IFERROR(XLOOKUP($E7,BD_REF_REUNIONES!$D:$D,BD_REF_REUNIONES!H:H),"") | G7: =IFERROR(XLOOKUP($E7,BD_REF_REUNIONES!$D:$D,BD_REF_REUNIONES!I:I),"") | H7: =IFERROR(XLOOKUP($E7,BD_REF_REUNIONES!$D:$D,BD_REF_REUNIONES!J:J),"") | I7: =IFERROR(XLOOKUP($E7,BD_REF_REUNIONES!$D:$D,BD_REF_REUNIONES!K:K),"") | J7: =IFERROR(XLOOKUP($E7,BD_REF_REUNIONES!$D:$D,BD_REF_REUNIONES!L:L),"") | K7: =IFERROR(XLOOKUP($E7,BD_REF_REUNIONES!$D:$D,BD_REF_REUNIONES!M:M),"") | L7: =IFERROR(XLOOKUP($E7,BD_REF_REUNIONES!$D:$D,BD_REF_REUNIONES!N:N),"")
F8: =IFERROR(XLOOKUP($E8,BD_REF_REUNIONES!$D:$D,BD_REF_REUNIONES!H:H),"") | G8: =IFERROR(XLOOKUP($E8,BD_REF_REUNIONES!$D:$D,BD_REF_REUNIONES!I:I),"") | H8: =IFERROR(XLOOKUP($E8,BD_REF_REUNIONES!$D:$D,BD_REF_REUNIONES!J:J),"") | I8: =IFERROR(XLOOKUP($E8,BD_REF_REUNIONES!$D:$D,BD_REF_REUNIONES!K:K),"") | J8: =IFERROR(XLOOKUP($E8,BD_REF_REUNIONES!$D:$D,BD_REF_REUNIONES!L:L),"") | K8: =IFERROR(XLOOKUP($E8,BD_REF_REUNIONES!$D:$D,BD_REF_REUNIONES!M:M),"") | L8: =IFERROR(XLOOKUP($E8,BD_REF_REUNIONES!$D:$D,BD_REF_REUNIONES!N:N),"")
F9: =IFERROR(XLOOKUP($E9,BD_REF_REUNIONES!$D:$D,BD_REF_REUNIONES!H:H),"") | G9: =IFERROR(XLOOKUP($E9,BD_REF_REUNIONES!$D:$D,BD_REF_REUNIONES!I:I),"") | H9: =IFERROR(XLOOKUP($E9,BD_REF_REUNIONES!$D:$D,BD_REF_REUNIONES!J:J),"") | I9: =IFERROR(XLOOKUP($E9,BD_REF_REUNIONES!$D:$D,BD_REF_REUNIONES!K:K),"") | J9: =IFERROR(XLOOKUP($E9,BD_REF_REUNIONES!$D:$D,BD_REF_REUNIONES!L:L),"") | K9: =IFERROR(XLOOKUP($E9,BD_REF_REUNIONES!$D:$D,BD_REF_REUNIONES!M:M),"") | L9: =IFERROR(XLOOKUP($E9,BD_REF_REUNIONES!$D:$D,BD_REF_REUNIONES!N:N),"")
F10: =IFERROR(XLOOKUP($E10,BD_REF_REUNIONES!$D:$D,BD_REF_REUNIONES!H:H),"") | G10: =IFERROR(XLOOKUP($E10,BD_REF_REUNIONES!$D:$D,BD_REF_REUNIONES!I:I),"") | H10: =IFERROR(XLOOKUP($E10,BD_REF_REUNIONES!$D:$D,BD_REF_REUNIONES!J:J),"") | I10: =IFERROR(XLOOKUP($E10,BD_REF_REUNIONES!$D:$D,BD_REF_REUNIONES!K:K),"") | J10: =IFERROR(XLOOKUP($E10,BD_REF_REUNIONES!$D:$D,BD_REF_REUNIONES!L:L),"") | K10: =IFERROR(XLOOKUP($E10,BD_REF_REUNIONES!$D:$D,BD_REF_REUNIONES!M:M),"") | L10: =IFERROR(XLOOKUP($E10,BD_REF_REUNIONES!$D:$D,BD_REF_REUNIONES!N:N),"")
F11: =IFERROR(XLOOKUP($E11,BD_REF_REUNIONES!$D:$D,BD_REF_REUNIONES!H:H),"") | G11: =IFERROR(XLOOKUP($E11,BD_REF_REUNIONES!$D:$D,BD_REF_REUNIONES!I:I),"") | H11: =IFERROR(XLOOKUP($E11,BD_REF_REUNIONES!$D:$D,BD_REF_REUNIONES!J:J),"") | I11: =IFERROR(XLOOKUP($E11,BD_REF_REUNIONES!$D:$D,BD_REF_REUNIONES!K:K),"") | J11: =IFERROR(XLOOKUP($E11,BD_REF_REUNIONES!$D:$D,BD_REF_REUNIONES!L:L),"") | K11: =IFERROR(XLOOKUP($E11,BD_REF_REUNIONES!$D:$D,BD_REF_REUNIONES!M:M),"") | L11: =IFERROR(XLOOKUP($E11,BD_REF_REUNIONES!$D:$D,BD_REF_REUNIONES!N:N),"")
F12: =IFERROR(XLOOKUP($E12,BD_REF_REUNIONES!$D:$D,BD_REF_REUNIONES!H:H),"") | G12: =IFERROR(XLOOKUP($E12,BD_REF_REUNIONES!$D:$D,BD_REF_REUNIONES!I:I),"") | H12: =IFERROR(XLOOKUP($E12,BD_REF_REUNIONES!$D:$D,BD_REF_REUNIONES!J:J),"") | I12: =IFERROR(XLOOKUP($E12,BD_REF_REUNIONES!$D:$D,BD_REF_REUNIONES!K:K),"") | J12: =IFERROR(XLOOKUP($E12,BD_REF_REUNIONES!$D:$D,BD_REF_REUNIONES!L:L),"") | K12: =IFERROR(XLOOKUP($E12,BD_REF_REUNIONES!$D:$D,BD_REF_REUNIONES!M:M),"") | L12: =IFERROR(XLOOKUP($E12,BD_REF_REUNIONES!$D:$D,BD_REF_REUNIONES!N:N),"")
F13: =IFERROR(XLOOKUP($E13,BD_REF_REUNIONES!$D:$D,BD_REF_REUNIONES!H:H),"") | G13: =IFERROR(XLOOKUP($E13,BD_REF_REUNIONES!$D:$D,BD_REF_REUNIONES!I:I),"") | H13: =IFERROR(XLOOKUP($E13,BD_REF_REUNIONES!$D:$D,BD_REF_REUNIONES!J:J),"") | I13: =IFERROR(XLOOKUP($E13,BD_REF_REUNIONES!$D:$D,BD_REF_REUNIONES!K:K),"") | J13: =IFERROR(XLOOKUP($E13,BD_REF_REUNIONES!$D:$D,BD_REF_REUNIONES!L:L),"") | K13: =IFERROR(XLOOKUP($E13,BD_REF_REUNIONES!$D:$D,BD_REF_REUNIONES!M:M),"") | L13: =IFERROR(XLOOKUP($E13,BD_REF_REUNIONES!$D:$D,BD_REF_REUNIONES!N:N),"")
F14: =IFERROR(XLOOKUP($E14,BD_REF_REUNIONES!$D:$D,BD_REF_REUNIONES!H:H),"") | G14: =IFERROR(XLOOKUP($E14,BD_REF_REUNIONES!$D:$D,BD_REF_REUNIONES!I:I),"") | H14: =IFERROR(XLOOKUP($E14,BD_REF_REUNIONES!$D:$D,BD_REF_REUNIONES!J:J),"") | I14: =IFERROR(XLOOKUP($E14,BD_REF_REUNIONES!$D:$D,BD_REF_REUNIONES!K:K),"") | J14: =IFERROR(XLOOKUP($E14,BD_REF_REUNIONES!$D:$D,BD_REF_REUNIONES!L:L),"") | K14: =IFERROR(XLOOKUP($E14,BD_REF_REUNIONES!$D:$D,BD_REF_REUNIONES!M:M),"") | L14: =IFERROR(XLOOKUP($E14,BD_REF_REUNIONES!$D:$D,BD_REF_REUNIONES!N:N),"")
F15: =IFERROR(XLOOKUP($E15,BD_REF_REUNIONES!$D:$D,BD_REF_REUNIONES!H:H),"") | G15: =IFERROR(XLOOKUP($E15,BD_REF_REUNIONES!$D:$D,BD_REF_REUNIONES!I:I),"") | H15: =IFERROR(XLOOKUP($E15,BD_REF_REUNIONES!$D:$D,BD_REF_REUNIONES!J:J),"") | I15: =IFERROR(XLOOKUP($E15,BD_REF_REUNIONES!$D:$D,BD_REF_REUNIONES!K:K),"") | J15: =IFERROR(XLOOKUP($E15,BD_REF_REUNIONES!$D:$D,BD_REF_REUNIONES!L:L),"") | K15: =IFERROR(XLOOKUP($E15,BD_REF_REUNIONES!$D:$D,BD_REF_REUNIONES!M:M),"") | L15: =IFERROR(XLOOKUP($E15,BD_REF_REUNIONES!$D:$D,BD_REF_REUNIONES!N:N),"")
F16: =IFERROR(XLOOKUP($E16,BD_REF_REUNIONES!$D:$D,BD_REF_REUNIONES!H:H),"") | G16: =IFERROR(XLOOKUP($E16,BD_REF_REUNIONES!$D:$D,BD_REF_REUNIONES!I:I),"") | H16: =IFERROR(XLOOKUP($E16,BD_REF_REUNIONES!$D:$D,BD_REF_REUNIONES!J:J),"") | I16: =IFERROR(XLOOKUP($E16,BD_REF_REUNIONES!$D:$D,BD_REF_REUNIONES!K:K),"") | J16: =IFERROR(XLOOKUP($E16,BD_REF_REUNIONES!$D:$D,BD_REF_REUNIONES!L:L),"") | K16: =IFERROR(XLOOKUP($E16,BD_REF_REUNIONES!$D:$D,BD_REF_REUNIONES!M:M),"") | L16: =IFERROR(XLOOKUP($E16,BD_REF_REUNIONES!$D:$D,BD_REF_REUNIONES!N:N),"")
F17: =IFERROR(XLOOKUP($E17,BD_REF_REUNIONES!$D:$D,BD_REF_REUNIONES!H:H),"") | G17: =IFERROR(XLOOKUP($E17,BD_REF_REUNIONES!$D:$D,BD_REF_REUNIONES!I:I),"") | H17: =IFERROR(XLOOKUP($E17,BD_REF_REUNIONES!$D:$D,BD_REF_REUNIONES!J:J),"") | I17: =IFERROR(XLOOKUP($E17,BD_REF_REUNIONES!$D:$D,BD_REF_REUNIONES!K:K),"") | J17: =IFERROR(XLOOKUP($E17,BD_REF_REUNIONES!$D:$D,BD_REF_REUNIONES!L:L),"") | K17: =IFERROR(XLOOKUP($E17,BD_REF_REUNIONES!$D:$D,BD_REF_REUNIONES!M:M),"") | L17: =IFERROR(XLOOKUP($E17,BD_REF_REUNIONES!$D:$D,BD_REF_REUNIONES!N:N),"")
F18: =IFERROR(XLOOKUP($E18,BD_REF_REUNIONES!$D:$D,BD_REF_REUNIONES!H:H),"") | G18: =IFERROR(XLOOKUP($E18,BD_REF_REUNIONES!$D:$D,BD_REF_REUNIONES!I:I),"") | H18: =IFERROR(XLOOKUP($E18,BD_REF_REUNIONES!$D:$D,BD_REF_REUNIONES!J:J),"") | I18: =IFERROR(XLOOKUP($E18,BD_REF_REUNIONES!$D:$D,BD_REF_REUNIONES!K:K),"") | J18: =IFERROR(XLOOKUP($E18,BD_REF_REUNIONES!$D:$D,BD_REF_REUNIONES!L:L),"") | K18: =IFERROR(XLOOKUP($E18,BD_REF_REUNIONES!$D:$D,BD_REF_REUNIONES!M:M),"") | L18: =IFERROR(XLOOKUP($E18,BD_REF_REUNIONES!$D:$D,BD_REF_REUNIONES!N:N),"")
F19: =IFERROR(XLOOKUP($E19,BD_REF_REUNIONES!$D:$D,BD_REF_REUNIONES!H:H),"") | G19: =IFERROR(XLOOKUP($E19,BD_REF_REUNIONES!$D:$D,BD_REF_REUNIONES!I:I),"") | H19: =IFERROR(XLOOKUP($E19,BD_REF_REUNIONES!$D:$D,BD_REF_REUNIONES!J:J),"") | I19: =IFERROR(XLOOKUP($E19,BD_REF_REUNIONES!$D:$D,BD_REF_REUNIONES!K:K),"") | J19: =IFERROR(XLOOKUP($E19,BD_REF_REUNIONES!$D:$D,BD_REF_REUNIONES!L:L),"") | K19: =IFERROR(XLOOKUP($E19,BD_REF_REUNIONES!$D:$D,BD_REF_REUNIONES!M:M),"") | L19: =IFERROR(XLOOKUP($E19,BD_REF_REUNIONES!$D:$D,BD_REF_REUNIONES!N:N),"")
... F32: =IFERROR(XLOOKUP($E32,BD_REF_REUNIONES!$D:$D,BD_REF_REUNIONES!H:H),"") | G32: =IFERROR(XLOOKUP($E32,BD_REF_REUNIONES!$D:$D,BD_REF_REUNIONES!I:I),"") | H32: =IFERROR(XLOOKUP($E32,BD_REF_REUNIONES!$D:$D,BD_REF_REUNIONES!J:J),"") | I32: =IFERROR(XLOOKUP($E32,BD_REF_REUNIONES!$D:$D,BD_REF_REUNIONES!K:K),"") | J32: =IFERROR(XLOOKUP($E32,BD_REF_REUNIONES!$D:$D,BD_REF_REUNIONES!L:L),"") | K32: =IFERROR(XLOOKUP($E32,BD_REF_REUNIONES!$D:$D,BD_REF_REUNIONES!M:M),"") | L32: =IFERROR(XLOOKUP($E32,BD_REF_REUNIONES!$D:$D,BD_REF_REUNIONES!N:N),"")

Sheet CALENDARIO_REUNIONES
B1: CELENDARIO SEMANAL DE REUNIONES | K1: DIA: | L1: TODOS
K2: SEMANA: | L2: Todas
J4: =IF(L1="Todos","",IF(L1="LUNES","AND J=1 ",IF(L1="MARTES","AND J=2 ",IF(L1="MIÉRCOLES","AND J=3 ",IF(L1="JUEVES","AND J=4 ",IF(L1="VIERNES","AND J=5 ")))))) | K4: =IF(L2="Todas","","AND I="&L2&" ")
B5: SEM | C5: DIA | D5: REUNION | E5: CALENDARIO | F5: DESDE | G5: HASTA | H5: LUNES | I5: MARTES | J5: MIÉRCOLES | K5: JUEVES | L5: VIERNES
B6: =IFERROR(__xludf.DUMMYFUNCTION("QUERY(BD_REF_REUNIONES!A4:O84,""SELECT I,J,D,H,K,L WHERE I IS NOT NULL ""&K4&J4&"" ORDER BY I,J,K,D,H,L"",1)"),"#REF!") -> #REF! | H6: 1, Lu | I6: 2,Ma | J6: 3,Mi | K6: 4,Ju | L6: 5,Vi
H7: =IF($C7=1,D7,"") | I7: =IF($C7=2,D7,"") | J7: =IF($C7=3,D7,"") | K7: =IF($C7=4,D7,"") | L7: =IF($C7=5,D7,"")
H8: =IF($C8=1,D8,"") | I8: =IF($C8=2,D8,"") | J8: =IF($C8=3,D8,"") | K8: =IF($C8=4,D8,"") | L8: =IF($C8=5,D8,"")
H9: =IF($C9=1,D9,"") | I9: =IF($C9=2,D9,"") | J9: =IF($C9=3,D9,"") | K9: =IF($C9=4,D9,"") | L9: =IF($C9=5,D9,"")
H10: =IF($C10=1,D10,"") | I10: =IF($C10=2,D10,"") | J10: =IF($C10=3,D10,"") | K10: =IF($C10=4,D10,"") | L10: =IF($C10=5,D10,"")
H11: =IF($C11=1,D11,"") | I11: =IF($C11=2,D11,"") | J11: =IF($C11=3,D11,"") | K11: =IF($C11=4,D11,"") | L11: =IF($C11=5,D11,"")
H12: =IF($C12=1,D12,"") | I12: =IF($C12=2,D12,"") | J12: =IF($C12=3,D12,"") | K12: =IF($C12=4,D12,"") | L12: =IF($C12=5,D12,"")
H13: =IF($C13=1,D13,"") | I13: =IF($C13=2,D13,"") | J13: =IF($C13=3,D13,"") | K13: =IF($C13=4,D13,"") | L13: =IF($C13=5,D13,"")
H14: =IF($C14=1,D14,"") | I14: =IF($C14=2,D14,"") | J14: =IF($C14=3,D14,"") | K14: =IF($C14=4,D14,"") | L14: =IF($C14=5,D14,"")
H15: =IF($C15=1,D15,"") | I15: =IF($C15=2,D15,"") | J15: =IF($C15=3,D15,"") | K15: =IF($C15=4,D15,"") | L15: =IF($C15=5,D15,"")
H16: =IF($C16=1,D16,"") | I16: =IF($C16=2,D16,"") | J16: =IF($C16=3,D16,"") | K16: =IF($C16=4,D16,"") | L16: =IF($C16=5,D16,"")
H17: =IF($C17=1,D17,"") | I17: =IF($C17=2,D17,"") | J17: =IF($C17=3,D17,"") | K17: =IF($C17=4,D17,"") | L17: =IF($C17=5,D17,"")
H18: =IF($C18=1,D18,"") | I18: =IF($C18=2,D18,"") | J18: =IF($C18=3,D18,"") | K18: =IF($C18=4,D18,"") | L18: =IF($C18=5,D18,"")
... H73: =IF($C73=1,D73,"") | I73: =IF($C73=2,D73,"") | J73: =IF($C73=3,D73,"") | K73: =IF($C73=4,D73,"") | L73: =IF($C73=5,D73,"")

Sheet BORRAR_REPETIDOS
A1: =IFERROR(__xludf.DUMMYFUNCTION("QUERY(QUERY(CONSO_ENCUESTAS!A4:H1000,""SELECT B,A,C,D,COUNT(H) WHERE B IS NOT NULL GROUP BY B,A,C,D"",1),""SELECT * WHERE Col5 >=2"",1)"),"TIPO") -> TIPO | B1: =IFERROR(__xludf.DUMMYFUNCTION("""COMPUTED_VALUE"""),"FUNCIONARIO") -> FUNCIONARIO | C1: =IFERROR(__xludf.DUMMYFUNCTION("""COMPUTED_VALUE"""),"AMBITO") -> AMBITO | D1: =IFERROR(__xludf.DUMMYFUNCTION("""COMPUTED_VALUE"""),"ACTIVIDAD") -> ACTIVIDAD | E1: =IFERROR(__xludf.DUMMYFUNCTION("""COMPUTED_VALUE"""),"count CHECK ") -> count CHECK
A2: =IFERROR(__xludf.DUMMYFUNCTION("""COMPUTED_VALUE"""),"GESTION") -> GESTION | B2: =IFERROR(__xludf.DUMMYFUNCTION("""COMPUTED_VALUE"""),"CAROL AMBO AMPUERO") -> CAROL AMBO AMPUERO | C2: =IFERROR(__xludf.DUMMYFUNCTION("""COMPUTED_VALUE"""),"PROGRAMA - TRANSVERSAL") -> PROGRAMA - TRANSVERSAL | D2: =IFERROR(__xludf.DUMMYFUNCTION("""COMPUTED_VALUE"""),"ENCARGADO PROGRAMA (3 HRS)") -> ENCARGADO PROGRAMA (3 HRS) | E2: =IFERROR(__xludf.DUMMYFUNCTION("""COMPUTED_VALUE"""),2.0) -> 2
A3: =IFERROR(__xludf.DUMMYFUNCTION("""COMPUTED_VALUE"""),"GESTION") -> GESTION | B3: =IFERROR(__xludf.DUMMYFUNCTION("""COMPUTED_VALUE"""),"SORAYA CRUCES DIAZ") -> SORAYA CRUCES DIAZ | C3: =IFERROR(__xludf.DUMMYFUNCTION("""COMPUTED_VALUE"""),"PROGRAMA - TRANSVERSAL") -> PROGRAMA - TRANSVERSAL | D3: =IFERROR(__xludf.DUMMYFUNCTION("""COMPUTED_VALUE"""),"ENCARGADO PROGRAMA (1 HRS)") -> ENCARGADO PROGRAMA (1 HRS) | E3: =IFERROR(__xludf.DUMMYFUNCTION("""COMPUTED_VALUE"""),2.0) -> 2

Sheet BORRAR_NO _VIGENTE
A1: =IFERROR(__xludf.DUMMYFUNCTION("QUERY(QUERY(CONSO_ENCUESTAS!A4:I1032,""SELECT B,A,C,D,I,COUNT(H) WHERE B IS NOT NULL GROUP BY B,A,C,D,I"",1),""SELECT * WHERE Col5 matches '.*NO.*'"",1)"),"TIPO") -> TIPO | B1: =IFERROR(__xludf.DUMMYFUNCTION("""COMPUTED_VALUE"""),"FUNCIONARIO") -> FUNCIONARIO | C1: =IFERROR(__xludf.DUMMYFUNCTION("""COMPUTED_VALUE"""),"AMBITO") -> AMBITO | D1: =IFERROR(__xludf.DUMMYFUNCTION("""COMPUTED_VALUE"""),"ACTIVIDAD") -> ACTIVIDAD | E1: =IFERROR(__xludf.DUMMYFUNCTION("""COMPUTED_VALUE""")," ESTADO ") -> ESTADO | F1: =IFERROR(__xludf.DUMMYFUNCTION("""COMPUTED_VALUE"""),"count CHECK ") -> count CHECK

Sheet Horas_FUNC
B1: DOTACION FUNCIONARIOS
A4: =IFERROR(__xludf.DUMMYFUNCTION("CONCATENATE(""nro profesionales = "",COUNTUNIQUE(A7:A221))"),"nro profesionales = 3") -> nro profesionales = 3
C5: FUNCIONARIO | D5: sum sum HORAS | E5: sum DIAS PERMISO ADMINISTRATIVO | F5: sum DIAS FERIADO LEGAL | G5: sum DIAS CAPACITACION | H5: sum TOTAL DIAS AUSENCIA JUSTIF (año) | I5: sum TOTAL DIAS DISPONIBLES (año) | J5: sum TOTAL SEMANAS DISPONIBLES (año) | K5: sum TOTAL HORAS DISPONIBLES (año) | L5: GESTIÓN | M5: REUNION | N5: DERECHO FUNCIONARIO | O5: HORAS NO CLINICAS (semana) | P5: HORAS CLINICAS (semana) | Q5: HORAS NO CLINICAS (año) | R5: HORAS CLINICAS (año)
A6: =IFERROR(__xludf.DUMMYFUNCTION("UNIQUE(QUERY(FUNC!A1:AC1000,""SELECT B,C,E,SUM(D),SUM(F),SUM(G),SUM(H),SUM(I),SUM(J),SUM(K),SUM(L) WHERE B IS NOT NULL group by B,C,E LABEL SUM(D) 'JORNADA',SUM(F) 'DIAS ADM',SUM(G) 'DIAS FL',SUM(H) 'DIAS CAPAC',SUM(I) 'TOTAL DIAS AUSENCIA JUSTIF',SUM(J) "&"'TOTAL DIAS DISPONIBLES',SUM(K) 'TOTAL SEMANAS DISPONIBLES',SUM(L) 'TOTAL HORAS DISPONIBLES'""))"),"CATEG ") -> CATEG | B6: =IFERROR(__xludf.DUMMYFUNCTION("""COMPUTED_VALUE"""),"CARGO ") -> CARGO | C6: =IFERROR(__xludf.DUMMYFUNCTION("""COMPUTED_VALUE"""),"FUNCIONARIO ") -> FUNCIONARIO | D6: =IFERROR(__xludf.DUMMYFUNCTION("""COMPUTED_VALUE"""),"JORNADA") -> JORNADA | E6: =IFERROR(__xludf.DUMMYFUNCTION("""COMPUTED_VALUE"""),"DIAS ADM") -> DIAS ADM | F6: =IFERROR(__xludf.DUMMYFUNCTION("""COMPUTED_VALUE"""),"DIAS FL") -> DIAS FL | G6: =IFERROR(__xludf.DUMMYFUNCTION("""COMPUTED_VALUE"""),"DIAS CAPAC") -> DIAS CAPAC | H6: =IFERROR(__xludf.DUMMYFUNCTION("""COMPUTED_VALUE"""),"TOTAL DIAS AUSENCIA JUSTIF") -> TOTAL DIAS AUSENCIA JUSTIF | I6: =IFERROR(__xludf.DUMMYFUNCTION("""COMPUTED_VALUE"""),"TOTAL DIAS DISPONIBLES") -> TOTAL DIAS DISPONIBLES | J6: =IFERROR(__xludf.DUMMYFUNCTION("""COMPUTED_VALUE"""),"TOTAL SEMANAS DISPONIBLES") -> TOTAL SEMANAS DISPONIBLES | K6: =IFERROR(__xludf.DUMMYFUNCTION("""COMPUTED_VALUE"""),"TOTAL HORAS DISPONIBLES") -> TOTAL HORAS DISPONIBLES | L6: GESTIÓN | M6: REUNION | N6: DERECHO FUNCIONARIO | O6: HORAS NO CLINICAS (semana) | P6: HORAS CLINICAS (semana) | Q6: HORAS NO CLINICAS (año) | R6: HORAS CLINICAS (año) | S6: %HNC(año) | T6: %HC(año)
A7: =IFERROR(__xludf.DUMMYFUNCTION("""COMPUTED_VALUE"""),"CAT_A") -> CAT_A | B7: =IFERROR(__xludf.DUMMYFUNCTION("""COMPUTED_VALUE"""),"CIRUJANO DENTISTA") -> CIRUJANO DENTISTA | C7: =IFERROR(__xludf.DUMMYFUNCTION("""COMPUTED_VALUE"""),"EDGAR CARVAJAL TORRES") -> EDGAR CARVAJAL TORRES | D7: =IFERROR(__xludf.DUMMYFUNCTION("""COMPUTED_VALUE"""),44.0) -> 44 | E7: =IFERROR(__xludf.DUMMYFUNCTION("""COMPUTED_VALUE"""),6.0) -> 6 | F7: =IFERROR(__xludf.DUMMYFUNCTION("""COMPUTED_VALUE"""),15.0) -> 15 | G7: =IFERROR(__xludf.DUMMYFUNCTION("""COMPUTED_VALUE"""),5.0) -> 5 | H7: =IFERROR(__xludf.DUMMYFUNCTION("""COMPUTED_VALUE"""),26.0) -> 26 | I7: =IFERROR(__xludf.DUMMYFUNCTION("""COMPUTED_VALUE"""),222.5) -> 222.5 | J7: =IFERROR(__xludf.DUMMYFUNCTION("""COMPUTED_VALUE"""),44.5) -> 44.5 | K7: =IFERROR(__xludf.DUMMYFUNCTION("""COMPUTED_VALUE"""),1958.0) -> 1958 | L7: {=IFERROR(XLOOKUP($C7,HNCxTIPO!$D:$D,HNCxTIPO!E:E),"")} -> 0.9 | M7: {=IFERROR(XLOOKUP($C7,HNCxTIPO!$D:$D,HNCxTIPO!F:F),"")} -> 2.2 | N7: {=IFERROR(XLOOKUP($C7,HNCxTIPO!$D:$D,HNCxTIPO!G:G),"")} -> 4.66 | O7: =IF(I7="","",SUM(L7:N7)) -> 7.76 | P7: =IF(I7="","",D7-L7-M7-N7) -> 36.24 | Q7: =IF(I7="","",$J7*O7) -> 345.32 | R7: =IF(J7="","",$J7*P7) -> 1612.68 | S7: =IF($C7="","",Q7/SUM($Q7:$R7)) -> 0.17636364 | T7: =IF($C7="","",R7/SUM($Q7:$R7)) -> 0.82363636
A8: =IFERROR(__xludf.DUMMYFUNCTION("""COMPUTED_VALUE"""),"CAT_A") -> CAT_A | B8: =IFERROR(__xludf.DUMMYFUNCTION("""COMPUTED_VALUE"""),"CIRUJANO DENTISTA") -> CIRUJANO DENTISTA | C8: =IFERROR(__xludf.DUMMYFUNCTION("""COMPUTED_VALUE"""),"JAIME REYES TORO") -> JAIME REYES TORO | D8: =IFERROR(__xludf.DUMMYFUNCTION("""COMPUTED_VALUE"""),22.0) -> 22 | E8: =IFERROR(__xludf.DUMMYFUNCTION("""COMPUTED_VALUE"""),6.0) -> 6 | F8: =IFERROR(__xludf.DUMMYFUNCTION("""COMPUTED_VALUE"""),25.0) -> 25 | G8: =IFERROR(__xludf.DUMMYFUNCTION("""COMPUTED_VALUE"""),5.0) -> 5 | H8: =IFERROR(__xludf.DUMMYFUNCTION("""COMPUTED_VALUE"""),36.0) -> 36 | I8: =IFERROR(__xludf.DUMMYFUNCTION("""COMPUTED_VALUE"""),212.5) -> 212.5 | J8: =IFERROR(__xludf.DUMMYFUNCTION("""COMPUTED_VALUE"""),42.5) -> 42.5 | K8: =IFERROR(__xludf.DUMMYFUNCTION("""COMPUTED_VALUE"""),935.0) -> 935 | L8: {=IFERROR(XLOOKUP($C8,HNCxTIPO!$D:$D,HNCxTIPO!E:E),"")} -> 2 | M8: {=IFERROR(XLOOKUP($C8,HNCxTIPO!$D:$D,HNCxTIPO!F:F),"")} | N8: {=IFERROR(XLOOKUP($C8,HNCxTIPO!$D:$D,HNCxTIPO!G:G),"")} -> 2.75 | O8: =IF(I8="","",SUM(L8:N8)) -> 4.75 | P8: =IF(I8="","",D8-L8-M8-N8) -> 17.25 | Q8: =IF(I8="","",$J8*O8) -> 201.875 | R8: =IF(J8="","",$J8*P8) -> 733.125 | S8: =IF(C8="","",Q8/SUM(Q8:R8)) -> 0.21590909 | T8: =IF($C8="","",R8/SUM($Q8:$R8)) -> 0.78409091
A9: =IFERROR(__xludf.DUMMYFUNCTION("""COMPUTED_VALUE"""),"CAT_A") -> CAT_A | B9: =IFERROR(__xludf.DUMMYFUNCTION("""COMPUTED_VALUE"""),"MEDICO CIRUJANO") -> MEDICO CIRUJANO | C9: =IFERROR(__xludf.DUMMYFUNCTION("""COMPUTED_VALUE"""),"CONSTANZA PALMA MONTERO") -> CONSTANZA PALMA MONTERO | D9: =IFERROR(__xludf.DUMMYFUNCTION("""COMPUTED_VALUE"""),44.0) -> 44 | E9: =IFERROR(__xludf.DUMMYFUNCTION("""COMPUTED_VALUE"""),12.0) -> 12 | F9: =IFERROR(__xludf.DUMMYFUNCTION("""COMPUTED_VALUE"""),15.0) -> 15 | G9: =IFERROR(__xludf.DUMMYFUNCTION("""COMPUTED_VALUE"""),6.0) -> 6 | H9: =IFERROR(__xludf.DUMMYFUNCTION("""COMPUTED_VALUE"""),33.0) -> 33 | I9: =IFERROR(__xludf.DUMMYFUNCTION("""COMPUTED_VALUE"""),215.5) -> 215.5 | J9: =IFERROR(__xludf.DUMMYFUNCTION("""COMPUTED_VALUE"""),43.1) -> 43.1 | K9: =IFERROR(__xludf.DUMMYFUNCTION("""COMPUTED_VALUE"""),1896.4) -> 1896.4 | L9: {=IFERROR(XLOOKUP($C9,HNCxTIPO!$D:$D,HNCxTIPO!E:E),"")} -> 3.9 | M9: {=IFERROR(XLOOKUP($C9,HNCxTIPO!$D:$D,HNCxTIPO!F:F),"")} -> 2.2 | N9: {=IFERROR(XLOOKUP($C9,HNCxTIPO!$D:$D,HNCxTIPO!G:G),"")} -> 6.25 | O9: =IF(I9="","",SUM(L9:N9)) -> 12.35 | P9: =IF(I9="","",D9-L9-M9-N9) -> 31.65 | Q9: =IF(I9="","",$J9*O9) -> 532.285 | R9: =IF(J9="","",$J9*P9) -> 1364.115 | S9: =IF(C9="","",Q9/SUM(Q9:R9)) -> 0.28068182 | T9: =IF($C9="","",R9/SUM($Q9:$R9)) -> 0.71931818
A10: =IFERROR(__xludf.DUMMYFUNCTION("""COMPUTED_VALUE"""),"CAT_A") -> CAT_A | B10: =IFERROR(__xludf.DUMMYFUNCTION("""COMPUTED_VALUE"""),"MEDICO CIRUJANO") -> MEDICO CIRUJANO | C10: =IFERROR(__xludf.DUMMYFUNCTION("""COMPUTED_VALUE"""),"GERARDO VALENCIA BERMUDEZ") -> GERARDO VALENCIA BERMUDEZ | D10: =IFERROR(__xludf.DUMMYFUNCTION("""COMPUTED_VALUE"""),44.0) -> 44 | E10: =IFERROR(__xludf.DUMMYFUNCTION("""COMPUTED_VALUE"""),6.0) -> 6 | F10: =IFERROR(__xludf.DUMMYFUNCTION("""COMPUTED_VALUE"""),20.0) -> 20 | G10: =IFERROR(__xludf.DUMMYFUNCTION("""COMPUTED_VALUE"""),5.0) -> 5 | H10: =IFERROR(__xludf.DUMMYFUNCTION("""COMPUTED_VALUE"""),31.0) -> 31 | I10: =IFERROR(__xludf.DUMMYFUNCTION("""COMPUTED_VALUE"""),217.5) -> 217.5 | J10: =IFERROR(__xludf.DUMMYFUNCTION("""COMPUTED_VALUE"""),43.5) -> 43.5 | K10: =IFERROR(__xludf.DUMMYFUNCTION("""COMPUTED_VALUE"""),1914.0) -> 1914 | L10: {=IFERROR(XLOOKUP($C10,HNCxTIPO!$D:$D,HNCxTIPO!E:E),"")} -> 2.15 | M10: {=IFERROR(XLOOKUP($C10,HNCxTIPO!$D:$D,HNCxTIPO!F:F),"")} -> 2.2 | N10: {=IFERROR(XLOOKUP($C10,HNCxTIPO!$D:$D,HNCxTIPO!G:G),"")} -> 6.25 | O10: =IF(I10="","",SUM(L10:N10)) -> 10.6 | P10: =IF(I10="","",D10-L10-M10-N10) -> 33.4 | Q10: =IF(I10="","",$J10*O10) -> 461.1 | R10: =IF(J10="","",$J10*P10) -> 1452.9 | S10: =IF(C10="","",Q10/SUM(Q10:R10)) -> 0.24090909 | T10: =IF($C10="","",R10/SUM($Q10:$R10)) -> 0.75909091
A11: =IFERROR(__xludf.DUMMYFUNCTION("""COMPUTED_VALUE"""),"CAT_B") -> CAT_B | B11: =IFERROR(__xludf.DUMMYFUNCTION("""COMPUTED_VALUE"""),"ENFERMERA(O)") -> ENFERMERA(O) | C11: =IFERROR(__xludf.DUMMYFUNCTION("""COMPUTED_VALUE"""),"CAROL AMBO AMPUERO") -> CAROL AMBO AMPUERO | D11: =IFERROR(__xludf.DUMMYFUNCTION("""COMPUTED_VALUE"""),44.0) -> 44 | E11: =IFERROR(__xludf.DUMMYFUNCTION("""COMPUTED_VALUE"""),6.0) -> 6 | F11: =IFERROR(__xludf.DUMMYFUNCTION("""COMPUTED_VALUE"""),15.0) -> 15 | G11: =IFERROR(__xludf.DUMMYFUNCTION("""COMPUTED_VALUE"""),5.0) -> 5 | H11: =IFERROR(__xludf.DUMMYFUNCTION("""COMPUTED_VALUE"""),26.0) -> 26 | I11: =IFERROR(__xludf.DUMMYFUNCTION("""COMPUTED_VALUE"""),222.5) -> 222.5 | J11: =IFERROR(__xludf.DUMMYFUNCTION("""COMPUTED_VALUE"""),44.5) -> 44.5 | K11: =IFERROR(__xludf.DUMMYFUNCTION("""COMPUTED_VALUE"""),1958.0) -> 1958 | L11: {=IFERROR(XLOOKUP($C11,HNCxTIPO!$D:$D,HNCxTIPO!E:E),"")} -> 22.25 | M11: {=IFERROR(XLOOKUP($C11,HNCxTIPO!$D:$D,HNCxTIPO!F:F),"")} -> 2.2 | N11: {=IFERROR(XLOOKUP($C11,HNCxTIPO!$D:$D,HNCxTIPO!G:G),"")} -> 6.25 | O11: =IF(I11="","",SUM(L11:N11)) -> 30.7 | P11: =IF(I11="","",D11-L11-M11-N11) -> 13.3 | Q11: =IF(I11="","",$J11*O11) -> 1366.15 | R11: =IF(J11="","",$J11*P11) -> 591.85 | S11: =IF(C11="","",Q11/SUM(Q11:R11)) -> 0.69772727 | T11: =IF($C11="","",R11/SUM($Q11:$R11)) -> 0.30227273
A12: =IFERROR(__xludf.DUMMYFUNCTION("""COMPUTED_VALUE"""),"CAT_B") -> CAT_B | B12: =IFERROR(__xludf.DUMMYFUNCTION("""COMPUTED_VALUE"""),"ENFERMERA(O)") -> ENFERMERA(O) | C12: =IFERROR(__xludf.DUMMYFUNCTION("""COMPUTED_VALUE"""),"FANNY QUINTANILLA CORDERO") -> FANNY QUINTANILLA CORDERO | D12: =IFERROR(__xludf.DUMMYFUNCTION("""COMPUTED_VALUE"""),22.0) -> 22 | E12: =IFERROR(__xludf.DUMMYFUNCTION("""COMPUTED_VALUE"""),6.0) -> 6 | F12: =IFERROR(__xludf.DUMMYFUNCTION("""COMPUTED_VALUE"""),20.0) -> 20 | G12: =IFERROR(__xludf.DUMMYFUNCTION("""COMPUTED_VALUE"""),5.0) -> 5 | H12: =IFERROR(__xludf.DUMMYFUNCTION("""COMPUTED_VALUE"""),31.0) -> 31 | I12: =IFERROR(__xludf.DUMMYFUNCTION("""COMPUTED_VALUE"""),217.5) -> 217.5 | J12: =IFERROR(__xludf.DUMMYFUNCTION("""COMPUTED_VALUE"""),43.5) -> 43.5 | K12: =IFERROR(__xludf.DUMMYFUNCTION("""COMPUTED_VALUE"""),957.0) -> 957 | L12: {=IFERROR(XLOOKUP($C12,HNCxTIPO!$D:$D,HNCxTIPO!E:E),"")} -> 5.15 | M12: {=IFERROR(XLOOKUP($C12,HNCxTIPO!$D:$D,HNCxTIPO!F:F),"")} | N12: {=IFERROR(XLOOKUP($C12,HNCxTIPO!$D:$D,HNCxTIPO!G:G),"")} -> 2.5 | O12: =IF(I12="","",SUM(L12:N12)) -> 7.65 | P12: =IF(I12="","",D12-L12-M12-N12) -> 14.35 | Q12: =IF(I12="","",$J12*O12) -> 332.775 | R12: =IF(J12="","",$J12*P12) -> 624.225 | S12: =IF(C12="","",Q12/SUM(Q12:R12)) -> 0.34772727 | T12: =IF($C12="","",R12/SUM($Q12:$R12)) -> 0.65227273
A13: =IFERROR(__xludf.DUMMYFUNCTION("""COMPUTED_VALUE"""),"CAT_B") -> CAT_B | B13: =IFERROR(__xludf.DUMMYFUNCTION("""COMPUTED_VALUE"""),"GESTOR COMUNITARIO") -> GESTOR COMUNITARIO | C13: =IFERROR(__xludf.DUMMYFUNCTION("""COMPUTED_VALUE"""),"VANESSA ESPINOZA ESPINOZA") -> VANESSA ESPINOZA ESPINOZA | D13: =IFERROR(__xludf.DUMMYFUNCTION("""COMPUTED_VALUE"""),33.0) -> 33 | E13: =IFERROR(__xludf.DUMMYFUNCTION("""COMPUTED_VALUE"""),6.0) -> 6 | F13: =IFERROR(__xludf.DUMMYFUNCTION("""COMPUTED_VALUE"""),15.0) -> 15 | G13: =IFERROR(__xludf.DUMMYFUNCTION("""COMPUTED_VALUE"""),5.0) -> 5 | H13: =IFERROR(__xludf.DUMMYFUNCTION("""COMPUTED_VALUE"""),26.0) -> 26 | I13: =IFERROR(__xludf.DUMMYFUNCTION("""COMPUTED_VALUE"""),222.5) -> 222.5 | J13: =IFERROR(__xludf.DUMMYFUNCTION("""COMPUTED_VALUE"""),44.5) -> 44.5 | K13: =IFERROR(__xludf.DUMMYFUNCTION("""COMPUTED_VALUE"""),1468.5) -> 1468.5 | L13: {=IFERROR(XLOOKUP($C13,HNCxTIPO!$D:$D,HNCxTIPO!E:E),"")} -> 33.9 | M13: {=IFERROR(XLOOKUP($C13,HNCxTIPO!$D:$D,HNCxTIPO!F:F),"")} -> 2.2 | N13: {=IFERROR(XLOOKUP($C13,HNCxTIPO!$D:$D,HNCxTIPO!G:G),"")} -> 6.25 | O13: =IF(I13="","",SUM(L13:N13)) -> 42.35 | P13: =IF(I13="","",D13-L13-M13-N13) -> -9.35 | Q13: =IF(I13="","",$J13*O13) -> 1884.575 | R13: =IF(J13="","",$J13*P13) -> -416.075 | S13: =IF(C13="","",Q13/SUM(Q13:R13)) -> 1.2833333 | T13: =IF($C13="","",R13/SUM($Q13:$R13)) -> -0.28333333
A14: =IFERROR(__xludf.DUMMYFUNCTION("""COMPUTED_VALUE"""),"CAT_B") -> CAT_B | B14: =IFERROR(__xludf.DUMMYFUNCTION("""COMPUTED_VALUE"""),"KINESIOLOGA/O") -> KINESIOLOGA/O | C14: =IFERROR(__xludf.DUMMYFUNCTION("""COMPUTED_VALUE"""),"ALEJANDRO REYES MURILLO") -> ALEJANDRO REYES MURILLO | D14: =IFERROR(__xludf.DUMMYFUNCTION("""COMPUTED_VALUE"""),44.0) -> 44 | E14: =IFERROR(__xludf.DUMMYFUNCTION("""COMPUTED_VALUE"""),6.0) -> 6 | F14: =IFERROR(__xludf.DUMMYFUNCTION("""COMPUTED_VALUE"""),15.0) -> 15 | G14: =IFERROR(__xludf.DUMMYFUNCTION("""COMPUTED_VALUE"""),6.0) -> 6 | H14: =IFERROR(__xludf.DUMMYFUNCTION("""COMPUTED_VALUE"""),27.0) -> 27 | I14: =IFERROR(__xludf.DUMMYFUNCTION("""COMPUTED_VALUE"""),221.5) -> 221.5 | J14: =IFERROR(__xludf.DUMMYFUNCTION("""COMPUTED_VALUE"""),44.3) -> 44.3 | K14: =IFERROR(__xludf.DUMMYFUNCTION("""COMPUTED_VALUE"""),1949.2) -> 1949.2 | L14: {=IFERROR(XLOOKUP($C14,HNCxTIPO!$D:$D,HNCxTIPO!E:E),"")} -> 8 | M14: {=IFERROR(XLOOKUP($C14,HNCxTIPO!$D:$D,HNCxTIPO!F:F),"")} -> 2.2 | N14: {=IFERROR(XLOOKUP($C14,HNCxTIPO!$D:$D,HNCxTIPO!G:G),"")} -> 6.66 | O14: =IF(I14="","",SUM(L14:N14)) -> 16.86 | P14: =IF(I14="","",D14-L14-M14-N14) -> 27.14 | Q14: =IF(I14="","",$J14*O14) -> 746.898 | R14: =IF(J14="","",$J14*P14) -> 1202.302 | S14: =IF(C14="","",Q14/SUM(Q14:R14)) -> 0.38318182 | T14: =IF($C14="","",R14/SUM($Q14:$R14)) -> 0.61681818
A15: =IFERROR(__xludf.DUMMYFUNCTION("""COMPUTED_VALUE"""),"CAT_B") -> CAT_B | B15: =IFERROR(__xludf.DUMMYFUNCTION("""COMPUTED_VALUE"""),"MATRON/A") -> MATRON/A | C15: =IFERROR(__xludf.DUMMYFUNCTION("""COMPUTED_VALUE"""),"SORAYA CRUCES DIAZ") -> SORAYA CRUCES DIAZ | D15: =IFERROR(__xludf.DUMMYFUNCTION("""COMPUTED_VALUE"""),44.0) -> 44 | E15: =IFERROR(__xludf.DUMMYFUNCTION("""COMPUTED_VALUE"""),6.0) -> 6 | F15: =IFERROR(__xludf.DUMMYFUNCTION("""COMPUTED_VALUE"""),25.0) -> 25 | G15: =IFERROR(__xludf.DUMMYFUNCTION("""COMPUTED_VALUE"""),5.0) -> 5 | H15: =IFERROR(__xludf.DUMMYFUNCTION("""COMPUTED_VALUE"""),36.0) -> 36 | I15: =IFERROR(__xludf.DUMMYFUNCTION("""COMPUTED_VALUE"""),212.5) -> 212.5 | J15: =IFERROR(__xludf.DUMMYFUNCTION("""COMPUTED_VALUE"""),42.5) -> 42.5 | K15: =IFERROR(__xludf.DUMMYFUNCTION("""COMPUTED_VALUE"""),1870.0) -> 1870 | L15: {=IFERROR(XLOOKUP($C15,HNCxTIPO!$D:$D,HNCxTIPO!E:E),"")} -> 17 | M15: {=IFERROR(XLOOKUP($C15,HNCxTIPO!$D:$D,HNCxTIPO!F:F),"")} -> 1.6 | N15: {=IFERROR(XLOOKUP($C15,HNCxTIPO!$D:$D,HNCxTIPO!G:G),"")} -> 6.66 | O15: =IF(I15="","",SUM(L15:N15)) -> 25.26 | P15: =IF(I15="","",D15-L15-M15-N15) -> 18.74 | Q15: =IF(I15="","",$J15*O15) -> 1073.55 | R15: =IF(J15="","",$J15*P15) -> 796.45 | S15: =IF(C15="","",Q15/SUM(Q15:R15)) -> 0.57409091 | T15: =IF($C15="","",R15/SUM($Q15:$R15)) -> 0.42590909
A16: =IFERROR(__xludf.DUMMYFUNCTION("""COMPUTED_VALUE"""),"CAT_B") -> CAT_B | B16: =IFERROR(__xludf.DUMMYFUNCTION("""COMPUTED_VALUE"""),"NUTRICIONISTA") -> NUTRICIONISTA | C16: =IFERROR(__xludf.DUMMYFUNCTION("""COMPUTED_VALUE"""),"PAULA ABARCA MORALES") -> PAULA ABARCA MORALES | D16: =IFERROR(__xludf.DUMMYFUNCTION("""COMPUTED_VALUE"""),44.0) -> 44 | E16: =IFERROR(__xludf.DUMMYFUNCTION("""COMPUTED_VALUE"""),6.0) -> 6 | F16: =IFERROR(__xludf.DUMMYFUNCTION("""COMPUTED_VALUE"""),15.0) -> 15 | G16: =IFERROR(__xludf.DUMMYFUNCTION("""COMPUTED_VALUE"""),5.0) -> 5 | H16: =IFERROR(__xludf.DUMMYFUNCTION("""COMPUTED_VALUE"""),26.0) -> 26 | I16: =IFERROR(__xludf.DUMMYFUNCTION("""COMPUTED_VALUE"""),222.5) -> 222.5 | J16: =IFERROR(__xludf.DUMMYFUNCTION("""COMPUTED_VALUE"""),44.5) -> 44.5 | K16: =IFERROR(__xludf.DUMMYFUNCTION("""COMPUTED_VALUE"""),1958.0) -> 1958 | L16: {=IFERROR(XLOOKUP($C16,HNCxTIPO!$D:$D,HNCxTIPO!E:E),"")} -> 24 | M16: {=IFERROR(XLOOKUP($C16,HNCxTIPO!$D:$D,HNCxTIPO!F:F),"")} -> 2.2 | N16: {=IFERROR(XLOOKUP($C16,HNCxTIPO!$D:$D,HNCxTIPO!G:G),"")} -> 6.25 | O16: =IF(I16="","",SUM(L16:N16)) -> 32.45 | P16: =IF(I16="","",D16-L16-M16-N16) -> 11.55 | Q16: =IF(I16="","",$J16*O16) -> 1444.025 | R16: =IF(J16="","",$J16*P16) -> 513.975 | S16: =IF(C16="","",Q16/SUM(Q16:R16)) -> 0.7375 | T16: =IF($C16="","",R16/SUM($Q16:$R16)) -> 0.2625
A17: =IFERROR(__xludf.DUMMYFUNCTION("""COMPUTED_VALUE"""),"CAT_B") -> CAT_B | B17: =IFERROR(__xludf.DUMMYFUNCTION("""COMPUTED_VALUE"""),"PSICOLOGA/O") -> PSICOLOGA/O | C17: =IFERROR(__xludf.DUMMYFUNCTION("""COMPUTED_VALUE"""),"CLAUDIO PINTO VILLALOBOS") -> CLAUDIO PINTO VILLALOBOS | D17: =IFERROR(__xludf.DUMMYFUNCTION("""COMPUTED_VALUE"""),22.0) -> 22 | E17: =IFERROR(__xludf.DUMMYFUNCTION("""COMPUTED_VALUE"""),6.0) -> 6 | F17: =IFERROR(__xludf.DUMMYFUNCTION("""COMPUTED_VALUE"""),25.0) -> 25 | G17: =IFERROR(__xludf.DUMMYFUNCTION("""COMPUTED_VALUE"""),5.0) -> 5 | H17: =IFERROR(__xludf.DUMMYFUNCTION("""COMPUTED_VALUE"""),36.0) -> 36 | I17: =IFERROR(__xludf.DUMMYFUNCTION("""COMPUTED_VALUE"""),212.5) -> 212.5 | J17: =IFERROR(__xludf.DUMMYFUNCTION("""COMPUTED_VALUE"""),42.5) -> 42.5 | K17: =IFERROR(__xludf.DUMMYFUNCTION("""COMPUTED_VALUE"""),935.0) -> 935 | L17: {=IFERROR(XLOOKUP($C17,HNCxTIPO!$D:$D,HNCxTIPO!E:E),"")} -> 0.9 | M17: {=IFERROR(XLOOKUP($C17,HNCxTIPO!$D:$D,HNCxTIPO!F:F),"")} -> 2.2 | N17: {=IFERROR(XLOOKUP($C17,HNCxTIPO!$D:$D,HNCxTIPO!G:G),"")} -> 3.25 | O17: =IF(I17="","",SUM(L17:N17)) -> 6.35 | P17: =IF(I17="","",D17-L17-M17-N17) -> 15.65 | Q17: =IF(I17="","",$J17*O17) -> 269.875 | R17: =IF(J17="","",$J17*P17) -> 665.125 | S17: =IF(C17="","",Q17/SUM(Q17:R17)) -> 0.28863636 | T17: =IF($C17="","",R17/SUM($Q17:$R17)) -> 0.71136364
A18: =IFERROR(__xludf.DUMMYFUNCTION("""COMPUTED_VALUE"""),"CAT_B") -> CAT_B | B18: =IFERROR(__xludf.DUMMYFUNCTION("""COMPUTED_VALUE"""),"PSICOLOGA/O") -> PSICOLOGA/O | C18: =IFERROR(__xludf.DUMMYFUNCTION("""COMPUTED_VALUE"""),"ELIZABETH ZARATE ROJAS") -> ELIZABETH ZARATE ROJAS | D18: =IFERROR(__xludf.DUMMYFUNCTION("""COMPUTED_VALUE"""),22.0) -> 22 | E18: =IFERROR(__xludf.DUMMYFUNCTION("""COMPUTED_VALUE"""),6.0) -> 6 | F18: =IFERROR(__xludf.DUMMYFUNCTION("""COMPUTED_VALUE"""),15.0) -> 15 | G18: =IFERROR(__xludf.DUMMYFUNCTION("""COMPUTED_VALUE"""),5.0) -> 5 | H18: =IFERROR(__xludf.DUMMYFUNCTION("""COMPUTED_VALUE"""),26.0) -> 26 | I18: =IFERROR(__xludf.DUMMYFUNCTION("""COMPUTED_VALUE"""),222.5) -> 222.5 | J18: =IFERROR(__xludf.DUMMYFUNCTION("""COMPUTED_VALUE"""),44.5) -> 44.5 | K18: =IFERROR(__xludf.DUMMYFUNCTION("""COMPUTED_VALUE"""),979.0) -> 979 | L18: {=IFERROR(XLOOKUP($C18,HNCxTIPO!$D:$D,HNCxTIPO!E:E),"")} -> 0.9 | M18: {=IFERROR(XLOOKUP($C18,HNCxTIPO!$D:$D,HNCxTIPO!F:F),"")} | N18: {=IFERROR(XLOOKUP($C18,HNCxTIPO!$D:$D,HNCxTIPO!G:G),"")} -> 2.5 | O18: =IF(I18="","",SUM(L18:N18)) -> 3.4 | P18: =IF(I18="","",D18-L18-M18-N18) -> 18.6 | Q18: =IF(I18="","",$J18*O18) -> 151.3 | R18: =IF(J18="","",$J18*P18) -> 827.7 | S18: =IF(C18="","",Q18/SUM(Q18:R18)) -> 0.15454545 | T18: =IF($C18="","",R18/SUM($Q18:$R18)) -> 0.84545455
A19: =IFERROR(__xludf.DUMMYFUNCTION("""COMPUTED_VALUE"""),"CAT_B") -> CAT_B | B19: =IFERROR(__xludf.DUMMYFUNCTION("""COMPUTED_VALUE"""),"TRABAJADOR/A SOCIAL") -> TRABAJADOR/A SOCIAL | C19: =IFERROR(__xludf.DUMMYFUNCTION("""COMPUTED_VALUE"""),"MARCELA JAQUE LIZAMA") -> MARCELA JAQUE LIZAMA | D19: =IFERROR(__xludf.DUMMYFUNCTION("""COMPUTED_VALUE"""),44.0) -> 44 | E19: =IFERROR(__xludf.DUMMYFUNCTION("""COMPUTED_VALUE"""),6.0) -> 6 | F19: =IFERROR(__xludf.DUMMYFUNCTION("""COMPUTED_VALUE"""),20.0) -> 20 | G19: =IFERROR(__xludf.DUMMYFUNCTION("""COMPUTED_VALUE"""),5.0) -> 5 | H19: =IFERROR(__xludf.DUMMYFUNCTION("""COMPUTED_VALUE"""),31.0) -> 31 | I19: =IFERROR(__xludf.DUMMYFUNCTION("""COMPUTED_VALUE"""),217.5) -> 217.5 | J19: =IFERROR(__xludf.DUMMYFUNCTION("""COMPUTED_VALUE"""),43.5) -> 43.5 | K19: =IFERROR(__xludf.DUMMYFUNCTION("""COMPUTED_VALUE"""),1914.0) -> 1914 | L19: {=IFERROR(XLOOKUP($C19,HNCxTIPO!$D:$D,HNCxTIPO!E:E),"")} -> 0.9 | M19: {=IFERROR(XLOOKUP($C19,HNCxTIPO!$D:$D,HNCxTIPO!F:F),"")} | N19: {=IFERROR(XLOOKUP($C19,HNCxTIPO!$D:$D,HNCxTIPO!G:G),"")} -> 28.25 | O19: =IF(I19="","",SUM(L19:N19)) -> 29.15 | P19: =IF(I19="","",D19-L19-M19-N19) -> 14.85 | Q19: =IF(I19="","",$J19*O19) -> 1268.025 | R19: =IF(J19="","",$J19*P19) -> 645.975 | S19: =IF(C19="","",Q19/SUM(Q19:R19)) -> 0.6625 | T19: =IF($C19="","",R19/SUM($Q19:$R19)) -> 0.3375
A20: =IFERROR(__xludf.DUMMYFUNCTION("""COMPUTED_VALUE"""),"CAT_B") -> CAT_B | B20: =IFERROR(__xludf.DUMMYFUNCTION("""COMPUTED_VALUE"""),"TRABAJADOR/A SOCIAL") -> TRABAJADOR/A SOCIAL | C20: =IFERROR(__xludf.DUMMYFUNCTION("""COMPUTED_VALUE"""),"PAULINA DIAZ MEDINA") -> PAULINA DIAZ MEDINA | D20: =IFERROR(__xludf.DUMMYFUNCTION("""COMPUTED_VALUE"""),44.0) -> 44 | E20: =IFERROR(__xludf.DUMMYFUNCTION("""COMPUTED_VALUE"""),6.0) -> 6 | F20: =IFERROR(__xludf.DUMMYFUNCTION("""COMPUTED_VALUE"""),15.0) -> 15 | G20: =IFERROR(__xludf.DUMMYFUNCTION("""COMPUTED_VALUE"""),5.0) -> 5 | H20: =IFERROR(__xludf.DUMMYFUNCTION("""COMPUTED_VALUE"""),26.0) -> 26 | I20: =IFERROR(__xludf.DUMMYFUNCTION("""COMPUTED_VALUE"""),222.5) -> 222.5 | J20: =IFERROR(__xludf.DUMMYFUNCTION("""COMPUTED_VALUE"""),44.5) -> 44.5 | K20: =IFERROR(__xludf.DUMMYFUNCTION("""COMPUTED_VALUE"""),1958.0) -> 1958 | L20: {=IFERROR(XLOOKUP($C20,HNCxTIPO!$D:$D,HNCxTIPO!E:E),"")} -> 22.9 | M20: {=IFERROR(XLOOKUP($C20,HNCxTIPO!$D:$D,HNCxTIPO!F:F),"")} -> 2.2 | N20: {=IFERROR(XLOOKUP($C20,HNCxTIPO!$D:$D,HNCxTIPO!G:G),"")} -> 6.25 | O20: =IF(I20="","",SUM(L20:N20)) -> 31.35 | P20: =IF(I20="","",D20-L20-M20-N20) -> 12.65 | Q20: =IF(I20="","",$J20*O20) -> 1395.075 | R20: =IF(J20="","",$J20*P20) -> 562.925 | S20: =IF(C20="","",Q20/SUM(Q20:R20)) -> 0.7125 | T20: =IF($C20="","",R20/SUM($Q20:$R20)) -> 0.2875
A21: =IFERROR(__xludf.DUMMYFUNCTION("""COMPUTED_VALUE"""),"CAT_C") -> CAT_C | B21: =IFERROR(__xludf.DUMMYFUNCTION("""COMPUTED_VALUE"""),"PODOLOGA") -> PODOLOGA | C21: =IFERROR(__xludf.DUMMYFUNCTION("""COMPUTED_VALUE"""),"KARINA MONTANARES") -> KARINA MONTANARES | D21: =IFERROR(__xludf.DUMMYFUNCTION("""COMPUTED_VALUE"""),22.0) -> 22 | E21: =IFERROR(__xludf.DUMMYFUNCTION("""COMPUTED_VALUE"""),6.0) -> 6 | F21: =IFERROR(__xludf.DUMMYFUNCTION("""COMPUTED_VALUE"""),15.0) -> 15 | G21: =IFERROR(__xludf.DUMMYFUNCTION("""COMPUTED_VALUE"""),5.0) -> 5 | H21: =IFERROR(__xludf.DUMMYFUNCTION("""COMPUTED_VALUE"""),26.0) -> 26 | I21: =IFERROR(__xludf.DUMMYFUNCTION("""COMPUTED_VALUE"""),222.5) -> 222.5 | J21: =IFERROR(__xludf.DUMMYFUNCTION("""COMPUTED_VALUE"""),44.5) -> 44.5 | K21: =IFERROR(__xludf.DUMMYFUNCTION("""COMPUTED_VALUE"""),979.0) -> 979 | L21: {=IFERROR(XLOOKUP($C21,HNCxTIPO!$D:$D,HNCxTIPO!E:E),"")} -> 0.9 | M21: {=IFERROR(XLOOKUP($C21,HNCxTIPO!$D:$D,HNCxTIPO!F:F),"")} | N21: {=IFERROR(XLOOKUP($C21,HNCxTIPO!$D:$D,HNCxTIPO!G:G),"")} -> 2.5 | O21: =IF(I21="","",SUM(L21:N21)) -> 3.4 | P21: =IF(I21="","",D21-L21-M21-N21) -> 18.6 | Q21: =IF(I21="","",$J21*O21) -> 151.3 | R21: =IF(J21="","",$J21*P21) -> 827.7 | S21: =IF(C21="","",Q21/SUM(Q21:R21)) -> 0.15454545 | T21: =IF($C21="","",R21/SUM($Q21:$R21)) -> 0.84545455
A22: =IFERROR(__xludf.DUMMYFUNCTION("""COMPUTED_VALUE"""),"CAT_C") -> CAT_C | B22: =IFERROR(__xludf.DUMMYFUNCTION("""COMPUTED_VALUE"""),"TENS") -> TENS | C22: =IFERROR(__xludf.DUMMYFUNCTION("""COMPUTED_VALUE"""),"DANIELA ROJAS GAMBOA") -> DANIELA ROJAS GAMBOA | D22: =IFERROR(__xludf.DUMMYFUNCTION("""COMPUTED_VALUE"""),44.0) -> 44 | E22: =IFERROR(__xludf.DUMMYFUNCTION("""COMPUTED_VALUE"""),6.0) -> 6 | F22: =IFERROR(__xludf.DUMMYFUNCTION("""COMPUTED_VALUE"""),15.0) -> 15 | G22: =IFERROR(__xludf.DUMMYFUNCTION("""COMPUTED_VALUE"""),5.0) -> 5 | H22: =IFERROR(__xludf.DUMMYFUNCTION("""COMPUTED_VALUE"""),26.0) -> 26 | I22: =IFERROR(__xludf.DUMMYFUNCTION("""COMPUTED_VALUE"""),222.5) -> 222.5 | J22: =IFERROR(__xludf.DUMMYFUNCTION("""COMPUTED_VALUE"""),44.5) -> 44.5 | K22: =IFERROR(__xludf.DUMMYFUNCTION("""COMPUTED_VALUE"""),1958.0) -> 1958 | L22: {=IFERROR(XLOOKUP($C22,HNCxTIPO!$D:$D,HNCxTIPO!E:E),"")} -> 2 | M22: {=IFERROR(XLOOKUP($C22,HNCxTIPO!$D:$D,HNCxTIPO!F:F),"")} -> 2.2 | N22: {=IFERROR(XLOOKUP($C22,HNCxTIPO!$D:$D,HNCxTIPO!G:G),"")} -> 6.25 | O22: =IF(I22="","",SUM(L22:N22)) -> 10.45 | P22: =IF(I22="","",D22-L22-M22-N22) -> 33.55 | Q22: =IF(I22="","",$J22*O22) -> 465.025 | R22: =IF(J22="","",$J22*P22) -> 1492.975 | S22: =IF(C22="","",Q22/SUM(Q22:R22)) -> 0.2375 | T22: =IF($C22="","",R22/SUM($Q22:$R22)) -> 0.7625
A23: =IFERROR(__xludf.DUMMYFUNCTION("""COMPUTED_VALUE"""),"CAT_C") -> CAT_C | B23: =IFERROR(__xludf.DUMMYFUNCTION("""COMPUTED_VALUE"""),"TENS") -> TENS | C23: =IFERROR(__xludf.DUMMYFUNCTION("""COMPUTED_VALUE"""),"LUIS GONZALEZ SEPULVEDA") -> LUIS GONZALEZ SEPULVEDA | D23: =IFERROR(__xludf.DUMMYFUNCTION("""COMPUTED_VALUE"""),44.0) -> 44 | E23: =IFERROR(__xludf.DUMMYFUNCTION("""COMPUTED_VALUE"""),6.0) -> 6 | F23: =IFERROR(__xludf.DUMMYFUNCTION("""COMPUTED_VALUE"""),25.0) -> 25 | G23: =IFERROR(__xludf.DUMMYFUNCTION("""COMPUTED_VALUE"""),5.0) -> 5 | H23: =IFERROR(__xludf.DUMMYFUNCTION("""COMPUTED_VALUE"""),36.0) -> 36 | I23: =IFERROR(__xludf.DUMMYFUNCTION("""COMPUTED_VALUE"""),212.5) -> 212.5 | J23: =IFERROR(__xludf.DUMMYFUNCTION("""COMPUTED_VALUE"""),42.5) -> 42.5 | K23: =IFERROR(__xludf.DUMMYFUNCTION("""COMPUTED_VALUE"""),1870.0) -> 1870 | L23: {=IFERROR(XLOOKUP($C23,HNCxTIPO!$D:$D,HNCxTIPO!E:E),"")} -> 2 | M23: {=IFERROR(XLOOKUP($C23,HNCxTIPO!$D:$D,HNCxTIPO!F:F),"")} -> 2.2 | N23: {=IFERROR(XLOOKUP($C23,HNCxTIPO!$D:$D,HNCxTIPO!G:G),"")} -> 6.25 | O23: =IF(I23="","",SUM(L23:N23)) -> 10.45 | P23: =IF(I23="","",D23-L23-M23-N23) -> 33.55 | Q23: =IF(I23="","",$J23*O23) -> 444.125 | R23: =IF(J23="","",$J23*P23) -> 1425.875 | S23: =IF(C23="","",Q23/SUM(Q23:R23)) -> 0.2375 | T23: =IF($C23="","",R23/SUM($Q23:$R23)) -> 0.7625
A24: =IFERROR(__xludf.DUMMYFUNCTION("""COMPUTED_VALUE"""),"CAT_C") -> CAT_C | B24: =IFERROR(__xludf.DUMMYFUNCTION("""COMPUTED_VALUE"""),"TENS") -> TENS | C24: =IFERROR(__xludf.DUMMYFUNCTION("""COMPUTED_VALUE"""),"MYRRHA ANDAUR MARTINEZ") -> MYRRHA ANDAUR MARTINEZ | D24: =IFERROR(__xludf.DUMMYFUNCTION("""COMPUTED_VALUE"""),44.0) -> 44 | E24: =IFERROR(__xludf.DUMMYFUNCTION("""COMPUTED_VALUE"""),6.0) -> 6 | F24: =IFERROR(__xludf.DUMMYFUNCTION("""COMPUTED_VALUE"""),15.0) -> 15 | G24: =IFERROR(__xludf.DUMMYFUNCTION("""COMPUTED_VALUE"""),5.0) -> 5 | H24: =IFERROR(__xludf.DUMMYFUNCTION("""COMPUTED_VALUE"""),26.0) -> 26 | I24: =IFERROR(__xludf.DUMMYFUNCTION("""COMPUTED_VALUE"""),222.5) -> 222.5 | J24: =IFERROR(__xludf.DUMMYFUNCTION("""COMPUTED_VALUE"""),44.5) -> 44.5 | K24: =IFERROR(__xludf.DUMMYFUNCTION("""COMPUTED_VALUE"""),1958.0) -> 1958 | L24: {=IFERROR(XLOOKUP($C24,HNCxTIPO!$D:$D,HNCxTIPO!E:E),"")} -> 2 | M24: {=IFERROR(XLOOKUP($C24,HNCxTIPO!$D:$D,HNCxTIPO!F:F),"")} -> 2.2 | N24: {=IFERROR(XLOOKUP($C24,HNCxTIPO!$D:$D,HNCxTIPO!G:G),"")} -> 6.25 | O24: =IF(I24="","",SUM(L24:N24)) -> 10.45 | P24: =IF(I24="","",D24-L24-M24-N24) -> 33.55 | Q24: =IF(I24="","",$J24*O24) -> 465.025 | R24: =IF(J24="","",$J24*P24) -> 1492.975 | S24: =IF(C24="","",Q24/SUM(Q24:R24)) -> 0.2375 | T24: =IF($C24="","",R24/SUM($Q24:$R24)) -> 0.7625
A25: =IFERROR(__xludf.DUMMYFUNCTION("""COMPUTED_VALUE"""),"CAT_C") -> CAT_C | B25: =IFERROR(__xludf.DUMMYFUNCTION("""COMPUTED_VALUE"""),"TENS FARMACIA") -> TENS FARMACIA | C25: =IFERROR(__xludf.DUMMYFUNCTION("""COMPUTED_VALUE"""),"VALERIA NUÑEZ QUINCHEL") -> VALERIA NUÑEZ QUINCHEL | D25: =IFERROR(__xludf.DUMMYFUNCTION("""COMPUTED_VALUE"""),44.0) -> 44 | E25: =IFERROR(__xludf.DUMMYFUNCTION("""COMPUTED_VALUE"""),6.0) -> 6 | F25: =IFERROR(__xludf.DUMMYFUNCTION("""COMPUTED_VALUE"""),15.0) -> 15 | G25: =IFERROR(__xludf.DUMMYFUNCTION("""COMPUTED_VALUE"""),5.0) -> 5 | H25: =IFERROR(__xludf.DUMMYFUNCTION("""COMPUTED_VALUE"""),26.0) -> 26 | I25: =IFERROR(__xludf.DUMMYFUNCTION("""COMPUTED_VALUE"""),222.5) -> 222.5 | J25: =IFERROR(__xludf.DUMMYFUNCTION("""COMPUTED_VALUE"""),44.5) -> 44.5 | K25: =IFERROR(__xludf.DUMMYFUNCTION("""COMPUTED_VALUE"""),1958.0) -> 1958 | L25: {=IFERROR(XLOOKUP($C25,HNCxTIPO!$D:$D,HNCxTIPO!E:E),"")} -> 2 | M25: {=IFERROR(XLOOKUP($C25,HNCxTIPO!$D:$D,HNCxTIPO!F:F),"")} -> 2.2 | N25: {=IFERROR(XLOOKUP($C25,HNCxTIPO!$D:$D,HNCxTIPO!G:G),"")} -> 6.25 | O25: =IF(I25="","",SUM(L25:N25)) -> 10.45 | P25: =IF(I25="","",D25-L25-M25-N25) -> 33.55 | Q25: =IF(I25="","",$J25*O25) -> 465.025 | R25: =IF(J25="","",$J25*P25) -> 1492.975 | S25: =IF(C25="","",Q25/SUM(Q25:R25)) -> 0.2375 | T25: =IF($C25="","",R25/SUM($Q25:$R25)) -> 0.7625
A26: =IFERROR(__xludf.DUMMYFUNCTION("""COMPUTED_VALUE"""),"CAT_C") -> CAT_C | B26: =IFERROR(__xludf.DUMMYFUNCTION("""COMPUTED_VALUE"""),"TONS") -> TONS | C26: =IFERROR(__xludf.DUMMYFUNCTION("""COMPUTED_VALUE"""),"ANGELA ZUÑIGA MUGA") -> ANGELA ZUÑIGA MUGA | D26: =IFERROR(__xludf.DUMMYFUNCTION("""COMPUTED_VALUE"""),44.0) -> 44 | E26: =IFERROR(__xludf.DUMMYFUNCTION("""COMPUTED_VALUE"""),6.0) -> 6 | F26: =IFERROR(__xludf.DUMMYFUNCTION("""COMPUTED_VALUE"""),15.0) -> 15 | G26: =IFERROR(__xludf.DUMMYFUNCTION("""COMPUTED_VALUE"""),5.0) -> 5 | H26: =IFERROR(__xludf.DUMMYFUNCTION("""COMPUTED_VALUE"""),26.0) -> 26 | I26: =IFERROR(__xludf.DUMMYFUNCTION("""COMPUTED_VALUE"""),222.5) -> 222.5 | J26: =IFERROR(__xludf.DUMMYFUNCTION("""COMPUTED_VALUE"""),44.5) -> 44.5 | K26: =IFERROR(__xludf.DUMMYFUNCTION("""COMPUTED_VALUE"""),1958.0) -> 1958 | L26: {=IFERROR(XLOOKUP($C26,HNCxTIPO!$D:$D,HNCxTIPO!E:E),"")} -> 2 | M26: {=IFERROR(XLOOKUP($C26,HNCxTIPO!$D:$D,HNCxTIPO!F:F),"")} -> 2.2 | N26: {=IFERROR(XLOOKUP($C26,HNCxTIPO!$D:$D,HNCxTIPO!G:G),"")} -> 6.25 | O26: =IF(I26="","",SUM(L26:N26)) -> 10.45 | P26: =IF(I26="","",D26-L26-M26-N26) -> 33.55 | Q26: =IF(I26="","",$J26*O26) -> 465.025 | R26: =IF(J26="","",$J26*P26) -> 1492.975 | S26: =IF(C26="","",Q26/SUM(Q26:R26)) -> 0.2375 | T26: =IF($C26="","",R26/SUM($Q26:$R26)) -> 0.7625
L27: {=IFERROR(XLOOKUP($C27,HNCxTIPO!$D:$D,HNCxTIPO!E:E),"")} | M27: {=IFERROR(XLOOKUP($C27,HNCxTIPO!$D:$D,HNCxTIPO!F:F),"")} | N27: {=IFERROR(XLOOKUP($C27,HNCxTIPO!$D:$D,HNCxTIPO!G:G),"")} | O27: =IF(I27="","",SUM(L27:N27)) | P27: =IF(I27="","",D27-L27-M27-N27) | Q27: =IF(I27="","",$J27*O27) | R27: =IF(J27="","",$J27*P27) | S27: =IF(C27="","",Q27/SUM(Q27:R27)) | T27: =IF($C27="","",R27/SUM($Q27:$R27))
L28: {=IFERROR(XLOOKUP($C28,HNCxTIPO!$D:$D,HNCxTIPO!E:E),"")} | M28: {=IFERROR(XLOOKUP($C28,HNCxTIPO!$D:$D,HNCxTIPO!F:F),"")} | N28: {=IFERROR(XLOOKUP($C28,HNCxTIPO!$D:$D,HNCxTIPO!G:G),"")} | O28: =IF(I28="","",SUM(L28:N28)) | P28: =IF(I28="","",D28-L28-M28-N28) | Q28: =IF(I28="","",$J28*O28) | R28: =IF(J28="","",$J28*P28) | S28: =IF(C28="","",Q28/SUM(Q28:R28)) | T28: =IF($C28="","",R28/SUM($Q28:$R28))
L29: {=IFERROR(XLOOKUP($C29,HNCxTIPO!$D:$D,HNCxTIPO!E:E),"")} | M29: {=IFERROR(XLOOKUP($C29,HNCxTIPO!$D:$D,HNCxTIPO!F:F),"")} | N29: {=IFERROR(XLOOKUP($C29,HNCxTIPO!$D:$D,HNCxTIPO!G:G),"")} | O29: =IF(I29="","",SUM(L29:N29)) | P29: =IF(I29="","",D29-L29-M29-N29) | Q29: =IF(I29="","",$J29*O29) | R29: =IF(J29="","",$J29*P29) | S29: =IF(C29="","",Q29/SUM(Q29:R29)) | T29: =IF($C29="","",R29/SUM($Q29:$R29))
L30: {=IFERROR(XLOOKUP($C30,HNCxTIPO!$D:$D,HNCxTIPO!E:E),"")} | M30: {=IFERROR(XLOOKUP($C30,HNCxTIPO!$D:$D,HNCxTIPO!F:F),"")} | N30: {=IFERROR(XLOOKUP($C30,HNCxTIPO!$D:$D,HNCxTIPO!G:G),"")} | O30: =IF(I30="","",SUM(L30:N30)) | P30: =IF(I30="","",D30-L30-M30-N30) | Q30: =IF(I30="","",$J30*O30) | R30: =IF(J30="","",$J30*P30) | S30: =IF(C30="","",Q30/SUM(Q30:R30)) | T30: =IF($C30="","",R30/SUM($Q30:$R30))
L31: {=IFERROR(XLOOKUP($C31,HNCxTIPO!$D:$D,HNCxTIPO!E:E),"")} | M31: {=IFERROR(XLOOKUP($C31,HNCxTIPO!$D:$D,HNCxTIPO!F:F),"")} | N31: {=IFERROR(XLOOKUP($C31,HNCxTIPO!$D:$D,HNCxTIPO!G:G),"")} | O31: =IF(I31="","",SUM(L31:N31)) | P31: =IF(I31="","",D31-L31-M31-N31) | Q31: =IF(I31="","",$J31*O31) | R31: =IF(J31="","",$J31*P31) | S31: =IF(C31="","",Q31/SUM(Q31:R31)) | T31: =IF($C31="","",R31/SUM($Q31:$R31))
L32: {=IFERROR(XLOOKUP($C32,HNCxTIPO!$D:$D,HNCxTIPO!E:E),"")} | M32: {=IFERROR(XLOOKUP($C32,HNCxTIPO!$D:$D,HNCxTIPO!F:F),"")} | N32: {=IFERROR(XLOOKUP($C32,HNCxTIPO!$D:$D,HNCxTIPO!G:G),"")} | O32: =IF(I32="","",SUM(L32:N32)) | P32: =IF(I32="","",D32-L32-M32-N32) | Q32: =IF(I32="","",$J32*O32) | R32: =IF(J32="","",$J32*P32) | S32: =IF(C32="","",Q32/SUM(Q32:R32)) | T32: =IF($C32="","",R32/SUM($Q32:$R32))
L33: {=IFERROR(XLOOKUP($C33,HNCxTIPO!$D:$D,HNCxTIPO!E:E),"")} | M33: {=IFERROR(XLOOKUP($C33,HNCxTIPO!$D:$D,HNCxTIPO!F:F),"")} | N33: {=IFERROR(XLOOKUP($C33,HNCxTIPO!$D:$D,HNCxTIPO!G:G),"")} | O33: =IF(I33="","",SUM(L33:N33)) | P33: =IF(I33="","",D33-L33-M33-N33) | Q33: =IF(I33="","",$J33*O33) | R33: =IF(J33="","",$J33*P33) | S33: =IF(C33="","",Q33/SUM(Q33:R33)) | T33: =IF($C33="","",R33/SUM($Q33:$R33))
L34: {=IFERROR(XLOOKUP($C34,HNCxTIPO!$D:$D,HNCxTIPO!E:E),"")} | M34: {=IFERROR(XLOOKUP($C34,HNCxTIPO!$D:$D,HNCxTIPO!F:F),"")} | N34: {=IFERROR(XLOOKUP($C34,HNCxTIPO!$D:$D,HNCxTIPO!G:G),"")} | O34: =IF(I34="","",SUM(L34:N34)) | P34: =IF(I34="","",D34-L34-M34-N34) | Q34: =IF(I34="","",$J34*O34) | R34: =IF(J34="","",$J34*P34) | S34: =IF(C34="","",Q34/SUM(Q34:R34)) | T34: =IF($C34="","",R34/SUM($Q34:$R34))
L35: {=IFERROR(XLOOKUP($C35,HNCxTIPO!$D:$D,HNCxTIPO!E:E),"")} | M35: {=IFERROR(XLOOKUP($C35,HNCxTIPO!$D:$D,HNCxTIPO!F:F),"")} | N35: {=IFERROR(XLOOKUP($C35,HNCxTIPO!$D:$D,HNCxTIPO!G:G),"")} | O35: =IF(I35="","",SUM(L35:N35)) | P35: =IF(I35="","",D35-L35-M35-N35) | Q35: =IF(I35="","",$J35*O35) | R35: =IF(J35="","",$J35*P35) | S35: =IF(C35="","",Q35/SUM(Q35:R35)) | T35: =IF($C35="","",R35/SUM($Q35:$R35))
L36: {=IFERROR(XLOOKUP($C36,HNCxTIPO!$D:$D,HNCxTIPO!E:E),"")} | M36: {=IFERROR(XLOOKUP($C36,HNCxTIPO!$D:$D,HNCxTIPO!F:F),"")} | N36: {=IFERROR(XLOOKUP($C36,HNCxTIPO!$D:$D,HNCxTIPO!G:G),"")} | O36: =IF(I36="","",SUM(L36:N36)) | P36: =IF(I36="","",D36-L36-M36-N36) | Q36: =IF(I36="","",$J36*O36) | R36: =IF(J36="","",$J36*P36) | S36: =IF(C36="","",Q36/SUM(Q36:R36)) | T36: =IF($C36="","",R36/SUM($Q36:$R36))
L37: {=IFERROR(XLOOKUP($C37,HNCxTIPO!$D:$D,HNCxTIPO!E:E),"")} | M37: {=IFERROR(XLOOKUP($C37,HNCxTIPO!$D:$D,HNCxTIPO!F:F),"")} | N37: {=IFERROR(XLOOKUP($C37,HNCxTIPO!$D:$D,HNCxTIPO!G:G),"")} | O37: =IF(I37="","",SUM(L37:N37)) | P37: =IF(I37="","",D37-L37-M37-N37) | Q37: =IF(I37="","",$J37*O37) | R37: =IF(J37="","",$J37*P37) | S37: =IF(C37="","",Q37/SUM(Q37:R37)) | T37: =IF($C37="","",R37/SUM($Q37:$R37))
L38: {=IFERROR(XLOOKUP($C38,HNCxTIPO!$D:$D,HNCxTIPO!E:E),"")} | M38: {=IFERROR(XLOOKUP($C38,HNCxTIPO!$D:$D,HNCxTIPO!F:F),"")} | N38: {=IFERROR(XLOOKUP($C38,HNCxTIPO!$D:$D,HNCxTIPO!G:G),"")} | O38: =IF(I38="","",SUM(L38:N38)) | P38: =IF(I38="","",D38-L38-M38-N38) | Q38: =IF(I38="","",$J38*O38) | R38: =IF(J38="","",$J38*P38) | S38: =IF(C38="","",Q38/SUM(Q38:R38)) | T38: =IF($C38="","",R38/SUM($Q38:$R38))
... L221: {=IFERROR(XLOOKUP($C221,HNCxTIPO!$D:$D,HNCxTIPO!E:E),"")} | M221: {=IFERROR(XLOOKUP($C221,HNCxTIPO!$D:$D,HNCxTIPO!F:F),"")} | N221: {=IFERROR(XLOOKUP($C221,HNCxTIPO!$D:$D,HNCxTIPO!G:G),"")} | O221: =IF(I221="","",SUM(L221:N221)) | P221: =IF(I221="","",D221-L221-M221-N221) | Q221: =IF(I221="","",$J221*O221) | R221: =IF(J221="","",$J221*P221) | S221: =IF(C221="","",Q221/SUM(Q221:R221)) | T221: =IF($C221="","",R221/SUM($Q221:$R221))

Sheet FUNC
A1: ID | B1: CATEG | C1: CARGO | D1: JORNADA | E1: FUNCIONARIO | F1: DIAS PERMISO ADMINISTRATIVO | G1: DIAS FERIADO LEGAL | H1: DIAS CAPACITACION | I1: TOTAL DIAS AUSENCIA JUSTIF (año) | J1: TOTAL DIAS DISPONIBLES (año) | K1: TOTAL SEMANAS DISPONIBLES (año) | L1: TOTAL HORAS DISPONIBLES (año)
A3: 4fc6eca1 | B3: CAT_A | C3: MEDICO CIRUJANO | D3: 44 | E3: GERARDO VALENCIA BERMUDEZ | F3: 6 | G3: 20 | H3: 5 | I3: 31 | J3: 217.5 | K3: 43.5 | L3: 1914
A4: 2452c8c9 | B4: CAT_A | C4: MEDICO CIRUJANO | D4: 44 | E4: CONSTANZA PALMA MONTERO | F4: 12 | G4: 15 | H4: 6 | I4: 33 | J4: 215.5 | K4: 43.1 | L4: 1896.4
A6: 05916fd5 | B6: CAT_A | C6: CIRUJANO DENTISTA | D6: 44 | E6: EDGAR CARVAJAL TORRES | F6: 6 | G6: 15 | H6: 5 | I6: 26 | J6: 222.5 | K6: 44.5 | L6: 1958
A7: 09feb827 | B7: CAT_B | C7: MATRON/A | D7: 44 | E7: SORAYA CRUCES DIAZ | F7: 6 | G7: 25 | H7: 5 | I7: 36 | J7: 212.5 | K7: 42.5 | L7: 1870
A8: f4193eb5 | B8: CAT_B | C8: ENFERMERA(O) | D8: 22 | E8: FANNY QUINTANILLA CORDERO | F8: 6 | G8: 20 | H8: 5 | I8: 31 | J8: 217.5 | K8: 43.5 | L8: 957
A12: c0b4e918 | B12: CAT_B | C12: KINESIOLOGA/O | D12: 44 | E12: ALEJANDRO REYES MURILLO | F12: 6 | G12: 15 | H12: 6 | I12: 27 | J12: 221.5 | K12: 44.3 | L12: 1949.2
A13: 7cc396af | B13: CAT_A | C13: CIRUJANO DENTISTA | D13: 22 | E13: JAIME REYES TORO | F13: 6 | G13: 25 | H13: 5 | I13: 36 | J13: 212.5 | K13: 42.5 | L13: 935
A14: 497c509a | B14: CAT_C | C14: PODOLOGA | D14: 22 | E14: KARINA MONTANARES | F14: 6 | G14: 15 | H14: 5 | I14: 26 | J14: 222.5 | K14: 44.5 | L14: 979
A17: e37b5907 | B17: CAT_C | C17: TENS | D17: 44 | E17: DANIELA ROJAS GAMBOA | F17: 6 | G17: 15 | H17: 5 | I17: 26 | J17: 222.5 | K17: 44.5 | L17: 1958
A18: 79877ab7 | B18: CAT_C | C18: TENS | D18: 44 | E18: LUIS GONZALEZ SEPULVEDA | F18: 6 | G18: 25 | H18: 5 | I18: 36 | J18: 212.5 | K18: 42.5 | L18: 1870
A20: 4422bbcf | B20: CAT_B | C20: TRABAJADOR/A SOCIAL | D20: 44 | E20: MARCELA JAQUE LIZAMA | F20: 6 | G20: 20 | H20: 5 | I20: 31 | J20: 217.5 | K20: 43.5 | L20: 1914
A21: a9be3f15 | B21: CAT_B | C21: PSICOLOGA/O | D21: 22 | E21: CLAUDIO PINTO VILLALOBOS | F21: 6 | G21: 25 | H21: 5 | I21: 36 | J21: 212.5 | K21: 42.5 | L21: 935
... A31: 18740adf | B31: CAT_B | C31: NUTRICIONISTA | D31: 44 | E31: PAULA ABARCA MORALES | F31: 6 | G31: 15 | H31: 5 | I31: 26 | J31: 222.5 | K31: 44.5 | L31: 1958

Sheet CONSO_ENCUESTAS
A1: CONSOLIDADO ENCUESTAS | D1: FUNCIONARIO | G1: =SUBTOTAL(109,G5:G1770) -> 327.29
A2: =IFERROR(__xludf.DUMMYFUNCTION("COUNTUNIQUE(A5:A1770)"),22.0) -> 22
B3: =IF(D1="FUNCIONARIO","","AND Col1 matches '"&D1&"' ") | D3: =IF(D1="FUNCIONARIO","","AND Col1 matches '"&D1&"' ")
A4: FUNCIONARIO | B4: TIPO | C4: AMBITO | D4: ACTIVIDAD | E4: TIEMPO_SEMANA | F4: INCL en GESTION? | G4: TOTAL_HNC | H4: CHECK | I4: ESTADO
A5: =IFERROR(__xludf.DUMMYFUNCTION("QUERY({ENCUESTA_GESTION!B3:J1770;ENCUESTA_REU!B3:J1770;ENCUESTA_DER!B3:J1770},""SELECT * WHERE Col3 IS NOT NULL ""&B3&"" "",0)"),"SORAYA CRUCES DIAZ") -> SORAYA CRUCES DIAZ | B5: =IFERROR(__xludf.DUMMYFUNCTION("""COMPUTED_VALUE"""),"GESTION") -> GESTION | C5: =IFERROR(__xludf.DUMMYFUNCTION("""COMPUTED_VALUE"""),"MAISFC") -> MAISFC | D5: =IFERROR(__xludf.DUMMYFUNCTION("""COMPUTED_VALUE"""),"ENCARGAD@ SALUD FAMILIAR") -> ENCARGAD@ SALUD FAMILIAR | E5: =IFERROR(__xludf.DUMMYFUNCTION("""COMPUTED_VALUE"""),11.0) -> 11 | F5: =IFERROR(__xludf.DUMMYFUNCTION("""COMPUTED_VALUE"""),"Independiente") -> Independiente | G5: =IFERROR(__xludf.DUMMYFUNCTION("""COMPUTED_VALUE"""),11.0) -> 11 | H5: =IFERROR(__xludf.DUMMYFUNCTION("""COMPUTED_VALUE"""),"SORAYA CRUCES DIAZGESTIONMAISFCENCARGAD@ SALUD FAMILIAR") -> SORAYA CRUCES DIAZGESTIONMAISFCENCARGAD@ SALUD FAMILIAR
A6: =IFERROR(__xludf.DUMMYFUNCTION("""COMPUTED_VALUE"""),"SORAYA CRUCES DIAZ") -> SORAYA CRUCES DIAZ | B6: =IFERROR(__xludf.DUMMYFUNCTION("""COMPUTED_VALUE"""),"GESTION") -> GESTION | C6: =IFERROR(__xludf.DUMMYFUNCTION("""COMPUTED_VALUE"""),"PROGRAMA - TRANSVERSAL") -> PROGRAMA - TRANSVERSAL | D6: =IFERROR(__xludf.DUMMYFUNCTION("""COMPUTED_VALUE"""),"ENCARGADO PROGRAMA (1 HRS)") -> ENCARGADO PROGRAMA (1 HRS) | E6: =IFERROR(__xludf.DUMMYFUNCTION("""COMPUTED_VALUE"""),1.0) -> 1 | F6: =IFERROR(__xludf.DUMMYFUNCTION("""COMPUTED_VALUE"""),"Independiente") -> Independiente | G6: =IFERROR(__xludf.DUMMYFUNCTION("""COMPUTED_VALUE"""),1.0) -> 1 | H6: =IFERROR(__xludf.DUMMYFUNCTION("""COMPUTED_VALUE"""),"SORAYA CRUCES DIAZGESTIONPROGRAMA - TRANSVERSALENCARGADO PROGRAMA (1 HRS)") -> SORAYA CRUCES DIAZGESTIONPROGRAMA - TRANSVERSALENCARGADO PROGRAMA (1 HRS)
A7: =IFERROR(__xludf.DUMMYFUNCTION("""COMPUTED_VALUE"""),"SORAYA CRUCES DIAZ") -> SORAYA CRUCES DIAZ | B7: =IFERROR(__xludf.DUMMYFUNCTION("""COMPUTED_VALUE"""),"GESTION") -> GESTION | C7: =IFERROR(__xludf.DUMMYFUNCTION("""COMPUTED_VALUE"""),"PROGRAMA - TRANSVERSAL") -> PROGRAMA - TRANSVERSAL | D7: =IFERROR(__xludf.DUMMYFUNCTION("""COMPUTED_VALUE"""),"CONTRALOR SALUD SEXUAL Y REPRODUCTIVA (2 HRS)") -> CONTRALOR SALUD SEXUAL Y REPRODUCTIVA (2 HRS) | E7: =IFERROR(__xludf.DUMMYFUNCTION("""COMPUTED_VALUE"""),2.0) -> 2 | F7: =IFERROR(__xludf.DUMMYFUNCTION("""COMPUTED_VALUE"""),"Independiente") -> Independiente | G7: =IFERROR(__xludf.DUMMYFUNCTION("""COMPUTED_VALUE"""),2.0) -> 2 | H7: =IFERROR(__xludf.DUMMYFUNCTION("""COMPUTED_VALUE"""),"SORAYA CRUCES DIAZGESTIONPROGRAMA - TRANSVERSALCONTRALOR SALUD SEXUAL Y REPRODUCTIVA (2 HRS)") -> SORAYA CRUCES DIAZGESTIONPROGRAMA - TRANSVERSALCONTRALOR SALUD SEXUAL Y REPRODUCTIVA (2 HRS)
A8: =IFERROR(__xludf.DUMMYFUNCTION("""COMPUTED_VALUE"""),"SORAYA CRUCES DIAZ") -> SORAYA CRUCES DIAZ | B8: =IFERROR(__xludf.DUMMYFUNCTION("""COMPUTED_VALUE"""),"GESTION") -> GESTION | C8: =IFERROR(__xludf.DUMMYFUNCTION("""COMPUTED_VALUE"""),"PROGRAMA - TRANSVERSAL") -> PROGRAMA - TRANSVERSAL | D8: =IFERROR(__xludf.DUMMYFUNCTION("""COMPUTED_VALUE"""),"ENCARGADO PROGRAMA (1 HRS)") -> ENCARGADO PROGRAMA (1 HRS) | E8: =IFERROR(__xludf.DUMMYFUNCTION("""COMPUTED_VALUE"""),1.0) -> 1 | F8: =IFERROR(__xludf.DUMMYFUNCTION("""COMPUTED_VALUE"""),"Independiente") -> Independiente | G8: =IFERROR(__xludf.DUMMYFUNCTION("""COMPUTED_VALUE"""),1.0) -> 1 | H8: =IFERROR(__xludf.DUMMYFUNCTION("""COMPUTED_VALUE"""),"SORAYA CRUCES DIAZGESTIONPROGRAMA - TRANSVERSALENCARGADO PROGRAMA (1 HRS)") -> SORAYA CRUCES DIAZGESTIONPROGRAMA - TRANSVERSALENCARGADO PROGRAMA (1 HRS)
A9: =IFERROR(__xludf.DUMMYFUNCTION("""COMPUTED_VALUE"""),"VANESSA ESPINOZA ESPINOZA") -> VANESSA ESPINOZA ESPINOZA | B9: =IFERROR(__xludf.DUMMYFUNCTION("""COMPUTED_VALUE"""),"GESTION") -> GESTION | C9: =IFERROR(__xludf.DUMMYFUNCTION("""COMPUTED_VALUE"""),"COMUNIDAD") -> COMUNIDAD | D9: =IFERROR(__xludf.DUMMYFUNCTION("""COMPUTED_VALUE"""),"ENCARGAD@ GESTOR COMUNITARIO (33 HORAS)") -> ENCARGAD@ GESTOR COMUNITARIO (33 HORAS) | E9: =IFERROR(__xludf.DUMMYFUNCTION("""COMPUTED_VALUE"""),33.0) -> 33 | F9: =IFERROR(__xludf.DUMMYFUNCTION("""COMPUTED_VALUE"""),"Independiente") -> Independiente | G9: =IFERROR(__xludf.DUMMYFUNCTION("""COMPUTED_VALUE"""),33.0) -> 33 | H9: =IFERROR(__xludf.DUMMYFUNCTION("""COMPUTED_VALUE"""),"VANESSA ESPINOZA ESPINOZAGESTIONCOMUNIDADENCARGAD@ GESTOR COMUNITARIO (33 HORAS)") -> VANESSA ESPINOZA ESPINOZAGESTIONCOMUNIDADENCARGAD@ GESTOR COMUNITARIO (33 HORAS)
A10: =IFERROR(__xludf.DUMMYFUNCTION("""COMPUTED_VALUE"""),"ALEJANDRO REYES MURILLO") -> ALEJANDRO REYES MURILLO | B10: =IFERROR(__xludf.DUMMYFUNCTION("""COMPUTED_VALUE"""),"GESTION") -> GESTION | C10: =IFERROR(__xludf.DUMMYFUNCTION("""COMPUTED_VALUE"""),"PROGRAMA - TRANSVERSAL") -> PROGRAMA - TRANSVERSAL | D10: =IFERROR(__xludf.DUMMYFUNCTION("""COMPUTED_VALUE"""),"ENCARGADO PROGRAMA (1 HRS)") -> ENCARGADO PROGRAMA (1 HRS) | E10: =IFERROR(__xludf.DUMMYFUNCTION("""COMPUTED_VALUE"""),1.0) -> 1 | F10: =IFERROR(__xludf.DUMMYFUNCTION("""COMPUTED_VALUE"""),"Independiente") -> Independiente | G10: =IFERROR(__xludf.DUMMYFUNCTION("""COMPUTED_VALUE"""),1.0) -> 1 | H10: =IFERROR(__xludf.DUMMYFUNCTION("""COMPUTED_VALUE"""),"ALEJANDRO REYES MURILLOGESTIONPROGRAMA - TRANSVERSALENCARGADO PROGRAMA (1 HRS)") -> ALEJANDRO REYES MURILLOGESTIONPROGRAMA - TRANSVERSALENCARGADO PROGRAMA (1 HRS)
A11: =IFERROR(__xludf.DUMMYFUNCTION("""COMPUTED_VALUE"""),"ALEJANDRO REYES MURILLO") -> ALEJANDRO REYES MURILLO | B11: =IFERROR(__xludf.DUMMYFUNCTION("""COMPUTED_VALUE"""),"GESTION") -> GESTION | C11: =IFERROR(__xludf.DUMMYFUNCTION("""COMPUTED_VALUE"""),"PROGRAMA - TRANSVERSAL") -> PROGRAMA - TRANSVERSAL | D11: =IFERROR(__xludf.DUMMYFUNCTION("""COMPUTED_VALUE"""),"ENCARGAD@ PROGRAMA ADULTO Y ADULTO MAYOR (PSCV) (5 HRS)") -> ENCARGAD@ PROGRAMA ADULTO Y ADULTO MAYOR (PSCV) (5 HRS) | E11: =IFERROR(__xludf.DUMMYFUNCTION("""COMPUTED_VALUE"""),5.0) -> 5 | F11: =IFERROR(__xludf.DUMMYFUNCTION("""COMPUTED_VALUE"""),"Independiente") -> Independiente | G11: =IFERROR(__xludf.DUMMYFUNCTION("""COMPUTED_VALUE"""),5.0) -> 5 | H11: =IFERROR(__xludf.DUMMYFUNCTION("""COMPUTED_VALUE"""),"ALEJANDRO REYES MURILLOGESTIONPROGRAMA - TRANSVERSALENCARGAD@ PROGRAMA ADULTO Y ADULTO MAYOR (PSCV) (5 HRS)") -> ALEJANDRO REYES MURILLOGESTIONPROGRAMA - TRANSVERSALENCARGAD@ PROGRAMA ADULTO Y ADULTO MAYOR (PSCV) (5 HRS)
A12: =IFERROR(__xludf.DUMMYFUNCTION("""COMPUTED_VALUE"""),"GERARDO VALENCIA BERMUDEZ") -> GERARDO VALENCIA BERMUDEZ | B12: =IFERROR(__xludf.DUMMYFUNCTION("""COMPUTED_VALUE"""),"GESTION") -> GESTION | C12: =IFERROR(__xludf.DUMMYFUNCTION("""COMPUTED_VALUE"""),"PROGRAMA - TRANSVERSAL") -> PROGRAMA - TRANSVERSAL | D12: =IFERROR(__xludf.DUMMYFUNCTION("""COMPUTED_VALUE"""),"ENCARGADO PROGRAMA (1 HRS)") -> ENCARGADO PROGRAMA (1 HRS) | E12: =IFERROR(__xludf.DUMMYFUNCTION("""COMPUTED_VALUE"""),1.0) -> 1 | F12: =IFERROR(__xludf.DUMMYFUNCTION("""COMPUTED_VALUE"""),"Independiente") -> Independiente | G12: =IFERROR(__xludf.DUMMYFUNCTION("""COMPUTED_VALUE"""),1.0) -> 1 | H12: =IFERROR(__xludf.DUMMYFUNCTION("""COMPUTED_VALUE"""),"GERARDO VALENCIA BERMUDEZGESTIONPROGRAMA - TRANSVERSALENCARGADO PROGRAMA (1 HRS)") -> GERARDO VALENCIA BERMUDEZGESTIONPROGRAMA - TRANSVERSALENCARGADO PROGRAMA (1 HRS)
A13: =IFERROR(__xludf.DUMMYFUNCTION("""COMPUTED_VALUE"""),"GERARDO VALENCIA BERMUDEZ") -> GERARDO VALENCIA BERMUDEZ | B13: =IFERROR(__xludf.DUMMYFUNCTION("""COMPUTED_VALUE"""),"GESTION") -> GESTION | C13: =IFERROR(__xludf.DUMMYFUNCTION("""COMPUTED_VALUE"""),"SALUD PUBLICA") -> SALUD PUBLICA | D13: =IFERROR(__xludf.DUMMYFUNCTION("""COMPUTED_VALUE"""),"REFERENTE TBC - MEDICO (15 MIN)") -> REFERENTE TBC - MEDICO (15 MIN) | E13: =IFERROR(__xludf.DUMMYFUNCTION("""COMPUTED_VALUE"""),0.25) -> 0.25 | F13: =IFERROR(__xludf.DUMMYFUNCTION("""COMPUTED_VALUE"""),"Independiente") -> Independiente | G13: =IFERROR(__xludf.DUMMYFUNCTION("""COMPUTED_VALUE"""),0.25) -> 0.25 | H13: =IFERROR(__xludf.DUMMYFUNCTION("""COMPUTED_VALUE"""),"GERARDO VALENCIA BERMUDEZGESTIONSALUD PUBLICAREFERENTE TBC - MEDICO (15 MIN)") -> GERARDO VALENCIA BERMUDEZGESTIONSALUD PUBLICAREFERENTE TBC - MEDICO (15 MIN)
A14: =IFERROR(__xludf.DUMMYFUNCTION("""COMPUTED_VALUE"""),"GERARDO VALENCIA BERMUDEZ") -> GERARDO VALENCIA BERMUDEZ | B14: =IFERROR(__xludf.DUMMYFUNCTION("""COMPUTED_VALUE"""),"GESTION") -> GESTION | C14: =IFERROR(__xludf.DUMMYFUNCTION("""COMPUTED_VALUE"""),"TECNICO - ADMNISTRATIVO") -> TECNICO - ADMNISTRATIVO | D14: =IFERROR(__xludf.DUMMYFUNCTION("""COMPUTED_VALUE"""),"ESTADISTICA MENSUAL COMPLETA (4 HRS × 12 VECES)") -> ESTADISTICA MENSUAL COMPLETA (4 HRS × 12 VECES) | E14: =IFERROR(__xludf.DUMMYFUNCTION("""COMPUTED_VALUE"""),0.9) -> 0.9 | F14: =IFERROR(__xludf.DUMMYFUNCTION("""COMPUTED_VALUE"""),"Independiente") -> Independiente | G14: =IFERROR(__xludf.DUMMYFUNCTION("""COMPUTED_VALUE"""),0.9) -> 0.9 | H14: =IFERROR(__xludf.DUMMYFUNCTION("""COMPUTED_VALUE"""),"GERARDO VALENCIA BERMUDEZGESTIONTECNICO - ADMNISTRATIVOESTADISTICA MENSUAL COMPLETA (4 HRS × 12 VECES)") -> GERARDO VALENCIA BERMUDEZGESTIONTECNICO - ADMNISTRATIVOESTADISTICA MENSUAL COMPLETA (4 HRS × 12 VECES)
A15: =IFERROR(__xludf.DUMMYFUNCTION("""COMPUTED_VALUE"""),"ALEJANDRO REYES MURILLO") -> ALEJANDRO REYES MURILLO | B15: =IFERROR(__xludf.DUMMYFUNCTION("""COMPUTED_VALUE"""),"GESTION") -> GESTION | C15: =IFERROR(__xludf.DUMMYFUNCTION("""COMPUTED_VALUE"""),"TECNICO - ADMNISTRATIVO") -> TECNICO - ADMNISTRATIVO | D15: =IFERROR(__xludf.DUMMYFUNCTION("""COMPUTED_VALUE"""),"ESTADISTICA MENSUAL (1 DIA)") -> ESTADISTICA MENSUAL (1 DIA) | E15: =IFERROR(__xludf.DUMMYFUNCTION("""COMPUTED_VALUE"""),2.0) -> 2 | F15: =IFERROR(__xludf.DUMMYFUNCTION("""COMPUTED_VALUE"""),"Independiente") -> Independiente | G15: =IFERROR(__xludf.DUMMYFUNCTION("""COMPUTED_VALUE"""),2.0) -> 2 | H15: =IFERROR(__xludf.DUMMYFUNCTION("""COMPUTED_VALUE"""),"ALEJANDRO REYES MURILLOGESTIONTECNICO - ADMNISTRATIVOESTADISTICA MENSUAL (1 DIA)") -> ALEJANDRO REYES MURILLOGESTIONTECNICO - ADMNISTRATIVOESTADISTICA MENSUAL (1 DIA)
A16: =IFERROR(__xludf.DUMMYFUNCTION("""COMPUTED_VALUE"""),"CONSTANZA PALMA MONTERO") -> CONSTANZA PALMA MONTERO | B16: =IFERROR(__xludf.DUMMYFUNCTION("""COMPUTED_VALUE"""),"GESTION") -> GESTION | C16: =IFERROR(__xludf.DUMMYFUNCTION("""COMPUTED_VALUE"""),"TECNICO - ADMNISTRATIVO") -> TECNICO - ADMNISTRATIVO | D16: =IFERROR(__xludf.DUMMYFUNCTION("""COMPUTED_VALUE"""),"ESTADISTICA MENSUAL COMPLETA (4 HRS × 12 VECES)") -> ESTADISTICA MENSUAL COMPLETA (4 HRS × 12 VECES) | E16: =IFERROR(__xludf.DUMMYFUNCTION("""COMPUTED_VALUE"""),0.9) -> 0.9 | F16: =IFERROR(__xludf.DUMMYFUNCTION("""COMPUTED_VALUE"""),"Independiente") -> Independiente | G16: =IFERROR(__xludf.DUMMYFUNCTION("""COMPUTED_VALUE"""),0.9) -> 0.9 | H16: =IFERROR(__xludf.DUMMYFUNCTION("""COMPUTED_VALUE"""),"CONSTANZA PALMA MONTEROGESTIONTECNICO - ADMNISTRATIVOESTADISTICA MENSUAL COMPLETA (4 HRS × 12 VECES)") -> CONSTANZA PALMA MONTEROGESTIONTECNICO - ADMNISTRATIVOESTADISTICA MENSUAL COMPLETA (4 HRS × 12 VECES)
A17: =IFERROR(__xludf.DUMMYFUNCTION("""COMPUTED_VALUE"""),"CRISTOBAL VELASQUEZ VASQUEZ") -> CRISTOBAL VELASQUEZ VASQUEZ | B17: =IFERROR(__xludf.DUMMYFUNCTION("""COMPUTED_VALUE"""),"GESTION") -> GESTION | C17: =IFERROR(__xludf.DUMMYFUNCTION("""COMPUTED_VALUE"""),"TECNICO - ADMNISTRATIVO") -> TECNICO - ADMNISTRATIVO | D17: =IFERROR(__xludf.DUMMYFUNCTION("""COMPUTED_VALUE"""),"ESTADISTICA MENSUAL") -> ESTADISTICA MENSUAL | E17: =IFERROR(__xludf.DUMMYFUNCTION("""COMPUTED_VALUE"""),2.0) -> 2 | F17: =IFERROR(__xludf.DUMMYFUNCTION("""COMPUTED_VALUE"""),"Independiente") -> Independiente | G17: =IFERROR(__xludf.DUMMYFUNCTION("""COMPUTED_VALUE"""),2.0) -> 2 | H17: =IFERROR(__xludf.DUMMYFUNCTION("""COMPUTED_VALUE"""),"CRISTOBAL VELASQUEZ VASQUEZGESTIONTECNICO - ADMNISTRATIVOESTADISTICA MENSUAL") -> CRISTOBAL VELASQUEZ VASQUEZGESTIONTECNICO - ADMNISTRATIVOESTADISTICA MENSUAL
A18: =IFERROR(__xludf.DUMMYFUNCTION("""COMPUTED_VALUE"""),"CLAUDIO PINTO VILLALOBOS") -> CLAUDIO PINTO VILLALOBOS | B18: =IFERROR(__xludf.DUMMYFUNCTION("""COMPUTED_VALUE"""),"GESTION") -> GESTION | C18: =IFERROR(__xludf.DUMMYFUNCTION("""COMPUTED_VALUE"""),"TECNICO - ADMNISTRATIVO") -> TECNICO - ADMNISTRATIVO | D18: =IFERROR(__xludf.DUMMYFUNCTION("""COMPUTED_VALUE"""),"ESTADISTICA MENSUAL COMPLETA (4 HRS × 12 VECES)") -> ESTADISTICA MENSUAL COMPLETA (4 HRS × 12 VECES) | E18: =IFERROR(__xludf.DUMMYFUNCTION("""COMPUTED_VALUE"""),0.9) -> 0.9 | F18: =IFERROR(__xludf.DUMMYFUNCTION("""COMPUTED_VALUE"""),"Independiente") -> Independiente | G18: =IFERROR(__xludf.DUMMYFUNCTION("""COMPUTED_VALUE"""),0.9) -> 0.9 | H18: =IFERROR(__xludf.DUMMYFUNCTION("""COMPUTED_VALUE"""),"CLAUDIO PINTO VILLALOBOSGESTIONTECNICO - ADMNISTRATIVOESTADISTICA MENSUAL COMPLETA (4 HRS × 12 VECES)") -> CLAUDIO PINTO VILLALOBOSGESTIONTECNICO - ADMNISTRATIVOESTADISTICA MENSUAL COMPLETA (4 HRS × 12 VECES)
A19: =IFERROR(__xludf.DUMMYFUNCTION("""COMPUTED_VALUE"""),"EDGAR CARVAJAL TORRES") -> EDGAR CARVAJAL TORRES | B19: =IFERROR(__xludf.DUMMYFUNCTION("""COMPUTED_VALUE"""),"GESTION") -> GESTION | C19: =IFERROR(__xludf.DUMMYFUNCTION("""COMPUTED_VALUE"""),"TECNICO - ADMNISTRATIVO") -> TECNICO - ADMNISTRATIVO | D19: =IFERROR(__xludf.DUMMYFUNCTION("""COMPUTED_VALUE"""),"ESTADISTICA MENSUAL COMPLETA (4 HRS × 12 VECES)") -> ESTADISTICA MENSUAL COMPLETA (4 HRS × 12 VECES) | E19: =IFERROR(__xludf.DUMMYFUNCTION("""COMPUTED_VALUE"""),0.9) -> 0.9 | F19: =IFERROR(__xludf.DUMMYFUNCTION("""COMPUTED_VALUE"""),"Independiente") -> Independiente | G19: =IFERROR(__xludf.DUMMYFUNCTION("""COMPUTED_VALUE"""),0.9) -> 0.9 | H19: =IFERROR(__xludf.DUMMYFUNCTION("""COMPUTED_VALUE"""),"EDGAR CARVAJAL TORRESGESTIONTECNICO - ADMNISTRATIVOESTADISTICA MENSUAL COMPLETA (4 HRS × 12 VECES)") -> EDGAR CARVAJAL TORRESGESTIONTECNICO - ADMNISTRATIVOESTADISTICA MENSUAL COMPLETA (4 HRS × 12 VECES)
A20: =IFERROR(__xludf.DUMMYFUNCTION("""COMPUTED_VALUE"""),"ELIZABETH ZARATE ROJAS") -> ELIZABETH ZARATE ROJAS | B20: =IFERROR(__xludf.DUMMYFUNCTION("""COMPUTED_VALUE"""),"GESTION") -> GESTION | C20: =IFERROR(__xludf.DUMMYFUNCTION("""COMPUTED_VALUE"""),"TECNICO - ADMNISTRATIVO") -> TECNICO - ADMNISTRATIVO | D20: =IFERROR(__xludf.DUMMYFUNCTION("""COMPUTED_VALUE"""),"ESTADISTICA MENSUAL COMPLETA (4 HRS × 12 VECES)") -> ESTADISTICA MENSUAL COMPLETA (4 HRS × 12 VECES) | E20: =IFERROR(__xludf.DUMMYFUNCTION("""COMPUTED_VALUE"""),0.9) -> 0.9 | F20: =IFERROR(__xludf.DUMMYFUNCTION("""COMPUTED_VALUE"""),"Independiente") -> Independiente | G20: =IFERROR(__xludf.DUMMYFUNCTION("""COMPUTED_VALUE"""),0.9) -> 0.9 | H20: =IFERROR(__xludf.DUMMYFUNCTION("""COMPUTED_VALUE"""),"ELIZABETH ZARATE ROJASGESTIONTECNICO - ADMNISTRATIVOESTADISTICA MENSUAL COMPLETA (4 HRS × 12 VECES)") -> ELIZABETH ZARATE ROJASGESTIONTECNICO - ADMNISTRATIVOESTADISTICA MENSUAL COMPLETA (4 HRS × 12 VECES)
A21: =IFERROR(__xludf.DUMMYFUNCTION("""COMPUTED_VALUE"""),"FANNY QUINTANILLA CORDERO") -> FANNY QUINTANILLA CORDERO | B21: =IFERROR(__xludf.DUMMYFUNCTION("""COMPUTED_VALUE"""),"GESTION") -> GESTION | C21: =IFERROR(__xludf.DUMMYFUNCTION("""COMPUTED_VALUE"""),"TECNICO - ADMNISTRATIVO") -> TECNICO - ADMNISTRATIVO | D21: =IFERROR(__xludf.DUMMYFUNCTION("""COMPUTED_VALUE"""),"ESTADISTICA MENSUAL COMPLETA (4 HRS × 12 VECES)") -> ESTADISTICA MENSUAL COMPLETA (4 HRS × 12 VECES) | E21: =IFERROR(__xludf.DUMMYFUNCTION("""COMPUTED_VALUE"""),0.9) -> 0.9 | F21: =IFERROR(__xludf.DUMMYFUNCTION("""COMPUTED_VALUE"""),"Independiente") -> Independiente | G21: =IFERROR(__xludf.DUMMYFUNCTION("""COMPUTED_VALUE"""),0.9) -> 0.9 | H21: =IFERROR(__xludf.DUMMYFUNCTION("""COMPUTED_VALUE"""),"FANNY QUINTANILLA CORDEROGESTIONTECNICO - ADMNISTRATIVOESTADISTICA MENSUAL COMPLETA (4 HRS × 12 VECES)") -> FANNY QUINTANILLA CORDEROGESTIONTECNICO - ADMNISTRATIVOESTADISTICA MENSUAL COMPLETA (4 HRS × 12 VECES)
A22: =IFERROR(__xludf.DUMMYFUNCTION("""COMPUTED_VALUE"""),"JAIME REYES TORO") -> JAIME REYES TORO | B22: =IFERROR(__xludf.DUMMYFUNCTION("""COMPUTED_VALUE"""),"GESTION") -> GESTION | C22: =IFERROR(__xludf.DUMMYFUNCTION("""COMPUTED_VALUE"""),"TECNICO - ADMNISTRATIVO") -> TECNICO - ADMNISTRATIVO | D22: =IFERROR(__xludf.DUMMYFUNCTION("""COMPUTED_VALUE"""),"ESTADISTICA MENSUAL (1 DIA)") -> ESTADISTICA MENSUAL (1 DIA) | E22: =IFERROR(__xludf.DUMMYFUNCTION("""COMPUTED_VALUE"""),2.0) -> 2 | F22: =IFERROR(__xludf.DUMMYFUNCTION("""COMPUTED_VALUE"""),"Independiente") -> Independiente | G22: =IFERROR(__xludf.DUMMYFUNCTION("""COMPUTED_VALUE"""),2.0) -> 2 | H22: =IFERROR(__xludf.DUMMYFUNCTION("""COMPUTED_VALUE"""),"JAIME REYES TOROGESTIONTECNICO - ADMNISTRATIVOESTADISTICA MENSUAL (1 DIA)") -> JAIME REYES TOROGESTIONTECNICO - ADMNISTRATIVOESTADISTICA MENSUAL (1 DIA)
A23: =IFERROR(__xludf.DUMMYFUNCTION("""COMPUTED_VALUE"""),"MARCELA JAQUE LIZAMA") -> MARCELA JAQUE LIZAMA | B23: =IFERROR(__xludf.DUMMYFUNCTION("""COMPUTED_VALUE"""),"GESTION") -> GESTION | C23: =IFERROR(__xludf.DUMMYFUNCTION("""COMPUTED_VALUE"""),"TECNICO - ADMNISTRATIVO") -> TECNICO - ADMNISTRATIVO | D23: =IFERROR(__xludf.DUMMYFUNCTION("""COMPUTED_VALUE"""),"ESTADISTICA MENSUAL COMPLETA (4 HRS × 12 VECES)") -> ESTADISTICA MENSUAL COMPLETA (4 HRS × 12 VECES) | E23: =IFERROR(__xludf.DUMMYFUNCTION("""COMPUTED_VALUE"""),0.9) -> 0.9 | F23: =IFERROR(__xludf.DUMMYFUNCTION("""COMPUTED_VALUE"""),"Independiente") -> Independiente | G23: =IFERROR(__xludf.DUMMYFUNCTION("""COMPUTED_VALUE"""),0.9) -> 0.9 | H23: =IFERROR(__xludf.DUMMYFUNCTION("""COMPUTED_VALUE"""),"MARCELA JAQUE LIZAMAGESTIONTECNICO - ADMNISTRATIVOESTADISTICA MENSUAL COMPLETA (4 HRS × 12 VECES)") -> MARCELA JAQUE LIZAMAGESTIONTECNICO - ADMNISTRATIVOESTADISTICA MENSUAL COMPLETA (4 HRS × 12 VECES)
A24: =IFERROR(__xludf.DUMMYFUNCTION("""COMPUTED_VALUE"""),"VALERIA NUÑEZ QUINCHEL") -> VALERIA NUÑEZ QUINCHEL | B24: =IFERROR(__xludf.DUMMYFUNCTION("""COMPUTED_VALUE"""),"GESTION") -> GESTION | C24: =IFERROR(__xludf.DUMMYFUNCTION("""COMPUTED_VALUE"""),"TECNICO - ADMNISTRATIVO") -> TECNICO - ADMNISTRATIVO | D24: =IFERROR(__xludf.DUMMYFUNCTION("""COMPUTED_VALUE"""),"ESTADISTICA MENSUAL (1 DIA)") -> ESTADISTICA MENSUAL (1 DIA) | E24: =IFERROR(__xludf.DUMMYFUNCTION("""COMPUTED_VALUE"""),2.0) -> 2 | F24: =IFERROR(__xludf.DUMMYFUNCTION("""COMPUTED_VALUE"""),"Independiente") -> Independiente | G24: =IFERROR(__xludf.DUMMYFUNCTION("""COMPUTED_VALUE"""),2.0) -> 2 | H24: =IFERROR(__xludf.DUMMYFUNCTION("""COMPUTED_VALUE"""),"VALERIA NUÑEZ QUINCHELGESTIONTECNICO - ADMNISTRATIVOESTADISTICA MENSUAL (1 DIA)") -> VALERIA NUÑEZ QUINCHELGESTIONTECNICO - ADMNISTRATIVOESTADISTICA MENSUAL (1 DIA)
A25: =IFERROR(__xludf.DUMMYFUNCTION("""COMPUTED_VALUE"""),"LUIS GONZALEZ SEPULVEDA") -> LUIS GONZALEZ SEPULVEDA | B25: =IFERROR(__xludf.DUMMYFUNCTION("""COMPUTED_VALUE"""),"GESTION") -> GESTION | C25: =IFERROR(__xludf.DUMMYFUNCTION("""COMPUTED_VALUE"""),"TECNICO - ADMNISTRATIVO") -> TECNICO - ADMNISTRATIVO | D25: =IFERROR(__xludf.DUMMYFUNCTION("""COMPUTED_VALUE"""),"ESTADISTICA MENSUAL (1 DIA)") -> ESTADISTICA MENSUAL (1 DIA) | E25: =IFERROR(__xludf.DUMMYFUNCTION("""COMPUTED_VALUE"""),2.0) -> 2 | F25: =IFERROR(__xludf.DUMMYFUNCTION("""COMPUTED_VALUE"""),"Independiente") -> Independiente | G25: =IFERROR(__xludf.DUMMYFUNCTION("""COMPUTED_VALUE"""),2.0) -> 2 | H25: =IFERROR(__xludf.DUMMYFUNCTION("""COMPUTED_VALUE"""),"LUIS GONZALEZ SEPULVEDAGESTIONTECNICO - ADMNISTRATIVOESTADISTICA MENSUAL (1 DIA)") -> LUIS GONZALEZ SEPULVEDAGESTIONTECNICO - ADMNISTRATIVOESTADISTICA MENSUAL (1 DIA)
A26: =IFERROR(__xludf.DUMMYFUNCTION("""COMPUTED_VALUE"""),"FANNY QUINTANILLA CORDERO") -> FANNY QUINTANILLA CORDERO | B26: =IFERROR(__xludf.DUMMYFUNCTION("""COMPUTED_VALUE"""),"GESTION") -> GESTION | C26: =IFERROR(__xludf.DUMMYFUNCTION("""COMPUTED_VALUE"""),"PROGRAMA - TRANSVERSAL") -> PROGRAMA - TRANSVERSAL | D26: =IFERROR(__xludf.DUMMYFUNCTION("""COMPUTED_VALUE"""),"ENCARGADO PROGRAMA (1 HRS)") -> ENCARGADO PROGRAMA (1 HRS) | E26: =IFERROR(__xludf.DUMMYFUNCTION("""COMPUTED_VALUE"""),1.0) -> 1 | F26: =IFERROR(__xludf.DUMMYFUNCTION("""COMPUTED_VALUE"""),"Independiente") -> Independiente | G26: =IFERROR(__xludf.DUMMYFUNCTION("""COMPUTED_VALUE"""),1.0) -> 1 | H26: =IFERROR(__xludf.DUMMYFUNCTION("""COMPUTED_VALUE"""),"FANNY QUINTANILLA CORDEROGESTIONPROGRAMA - TRANSVERSALENCARGADO PROGRAMA (1 HRS)") -> FANNY QUINTANILLA CORDEROGESTIONPROGRAMA - TRANSVERSALENCARGADO PROGRAMA (1 HRS)
A27: =IFERROR(__xludf.DUMMYFUNCTION("""COMPUTED_VALUE"""),"MYRRHA ANDAUR MARTINEZ") -> MYRRHA ANDAUR MARTINEZ | B27: =IFERROR(__xludf.DUMMYFUNCTION("""COMPUTED_VALUE"""),"GESTION") -> GESTION | C27: =IFERROR(__xludf.DUMMYFUNCTION("""COMPUTED_VALUE"""),"TECNICO - ADMNISTRATIVO") -> TECNICO - ADMNISTRATIVO | D27: =IFERROR(__xludf.DUMMYFUNCTION("""COMPUTED_VALUE"""),"ESTADISTICA MENSUAL (1 DIA)") -> ESTADISTICA MENSUAL (1 DIA) | E27: =IFERROR(__xludf.DUMMYFUNCTION("""COMPUTED_VALUE"""),2.0) -> 2 | F27: =IFERROR(__xludf.DUMMYFUNCTION("""COMPUTED_VALUE"""),"Independiente") -> Independiente | G27: =IFERROR(__xludf.DUMMYFUNCTION("""COMPUTED_VALUE"""),2.0) -> 2 | H27: =IFERROR(__xludf.DUMMYFUNCTION("""COMPUTED_VALUE"""),"MYRRHA ANDAUR MARTINEZGESTIONTECNICO - ADMNISTRATIVOESTADISTICA MENSUAL (1 DIA)") -> MYRRHA ANDAUR MARTINEZGESTIONTECNICO - ADMNISTRATIVOESTADISTICA MENSUAL (1 DIA)
A28: =IFERROR(__xludf.DUMMYFUNCTION("""COMPUTED_VALUE"""),"FANNY QUINTANILLA CORDERO") -> FANNY QUINTANILLA CORDERO | B28: =IFERROR(__xludf.DUMMYFUNCTION("""COMPUTED_VALUE"""),"GESTION") -> GESTION | C28: =IFERROR(__xludf.DUMMYFUNCTION("""COMPUTED_VALUE"""),"PROGRAMA - TRANSVERSAL") -> PROGRAMA - TRANSVERSAL | D28: =IFERROR(__xludf.DUMMYFUNCTION("""COMPUTED_VALUE"""),"ENCARGAD@ PROGRAMA DEPENDENCIA SEVERA Y CPNO (2 HORAS)") -> ENCARGAD@ PROGRAMA DEPENDENCIA SEVERA Y CPNO (2 HORAS) | E28: =IFERROR(__xludf.DUMMYFUNCTION("""COMPUTED_VALUE"""),2.0) -> 2 | F28: =IFERROR(__xludf.DUMMYFUNCTION("""COMPUTED_VALUE"""),"Independiente") -> Independiente | G28: =IFERROR(__xludf.DUMMYFUNCTION("""COMPUTED_VALUE"""),2.0) -> 2 | H28: =IFERROR(__xludf.DUMMYFUNCTION("""COMPUTED_VALUE"""),"FANNY QUINTANILLA CORDEROGESTIONPROGRAMA - TRANSVERSALENCARGAD@ PROGRAMA DEPENDENCIA SEVERA Y CPNO (2 HORAS)") -> FANNY QUINTANILLA CORDEROGESTIONPROGRAMA - TRANSVERSALENCARGAD@ PROGRAMA DEPENDENCIA SEVERA Y CPNO (2 HORAS)
A29: =IFERROR(__xludf.DUMMYFUNCTION("""COMPUTED_VALUE"""),"CAROL AMBO AMPUERO") -> CAROL AMBO AMPUERO | B29: =IFERROR(__xludf.DUMMYFUNCTION("""COMPUTED_VALUE"""),"GESTION") -> GESTION | C29: =IFERROR(__xludf.DUMMYFUNCTION("""COMPUTED_VALUE"""),"PROGRAMA - TRANSVERSAL") -> PROGRAMA - TRANSVERSAL | D29: =IFERROR(__xludf.DUMMYFUNCTION("""COMPUTED_VALUE"""),"ENCARGADO PROGRAMA (3 HRS)") -> ENCARGADO PROGRAMA (3 HRS) | E29: =IFERROR(__xludf.DUMMYFUNCTION("""COMPUTED_VALUE"""),3.0) -> 3 | F29: =IFERROR(__xludf.DUMMYFUNCTION("""COMPUTED_VALUE"""),"Independiente") -> Independiente | G29: =IFERROR(__xludf.DUMMYFUNCTION("""COMPUTED_VALUE"""),3.0) -> 3 | H29: =IFERROR(__xludf.DUMMYFUNCTION("""COMPUTED_VALUE"""),"CAROL AMBO AMPUEROGESTIONPROGRAMA - TRANSVERSALENCARGADO PROGRAMA (3 HRS)") -> CAROL AMBO AMPUEROGESTIONPROGRAMA - TRANSVERSALENCARGADO PROGRAMA (3 HRS)
A30: =IFERROR(__xludf.DUMMYFUNCTION("""COMPUTED_VALUE"""),"CAROL AMBO AMPUERO") -> CAROL AMBO AMPUERO | B30: =IFERROR(__xludf.DUMMYFUNCTION("""COMPUTED_VALUE"""),"GESTION") -> GESTION | C30: =IFERROR(__xludf.DUMMYFUNCTION("""COMPUTED_VALUE"""),"SALUD PUBLICA") -> SALUD PUBLICA | D30: =IFERROR(__xludf.DUMMYFUNCTION("""COMPUTED_VALUE"""),"ENCARGAD@ PROGRAMA TBC (2 HRS)") -> ENCARGAD@ PROGRAMA TBC (2 HRS) | E30: =IFERROR(__xludf.DUMMYFUNCTION("""COMPUTED_VALUE"""),2.0) -> 2 | F30: =IFERROR(__xludf.DUMMYFUNCTION("""COMPUTED_VALUE"""),"Independiente") -> Independiente | G30: =IFERROR(__xludf.DUMMYFUNCTION("""COMPUTED_VALUE"""),2.0) -> 2 | H30: =IFERROR(__xludf.DUMMYFUNCTION("""COMPUTED_VALUE"""),"CAROL AMBO AMPUEROGESTIONSALUD PUBLICAENCARGAD@ PROGRAMA TBC (2 HRS)") -> CAROL AMBO AMPUEROGESTIONSALUD PUBLICAENCARGAD@ PROGRAMA TBC (2 HRS)
A31: =IFERROR(__xludf.DUMMYFUNCTION("""COMPUTED_VALUE"""),"CAROL AMBO AMPUERO") -> CAROL AMBO AMPUERO | B31: =IFERROR(__xludf.DUMMYFUNCTION("""COMPUTED_VALUE"""),"GESTION") -> GESTION | C31: =IFERROR(__xludf.DUMMYFUNCTION("""COMPUTED_VALUE"""),"SALUD PUBLICA") -> SALUD PUBLICA | D31: =IFERROR(__xludf.DUMMYFUNCTION("""COMPUTED_VALUE"""),"ENCARGAD@ IAAS (2 HRS)") -> ENCARGAD@ IAAS (2 HRS) | E31: =IFERROR(__xludf.DUMMYFUNCTION("""COMPUTED_VALUE"""),2.0) -> 2 | F31: =IFERROR(__xludf.DUMMYFUNCTION("""COMPUTED_VALUE"""),"Independiente") -> Independiente | G31: =IFERROR(__xludf.DUMMYFUNCTION("""COMPUTED_VALUE"""),2.0) -> 2 | H31: =IFERROR(__xludf.DUMMYFUNCTION("""COMPUTED_VALUE"""),"CAROL AMBO AMPUEROGESTIONSALUD PUBLICAENCARGAD@ IAAS (2 HRS)") -> CAROL AMBO AMPUEROGESTIONSALUD PUBLICAENCARGAD@ IAAS (2 HRS)
A32: =IFERROR(__xludf.DUMMYFUNCTION("""COMPUTED_VALUE"""),"CAROL AMBO AMPUERO") -> CAROL AMBO AMPUERO | B32: =IFERROR(__xludf.DUMMYFUNCTION("""COMPUTED_VALUE"""),"GESTION") -> GESTION | C32: =IFERROR(__xludf.DUMMYFUNCTION("""COMPUTED_VALUE"""),"SALUD PUBLICA") -> SALUD PUBLICA | D32: =IFERROR(__xludf.DUMMYFUNCTION("""COMPUTED_VALUE"""),"ENCARGAD@ EPIDEMIOLOGIA 2 (2 HRS)") -> ENCARGAD@ EPIDEMIOLOGIA 2 (2 HRS) | E32: =IFERROR(__xludf.DUMMYFUNCTION("""COMPUTED_VALUE"""),2.0) -> 2 | F32: =IFERROR(__xludf.DUMMYFUNCTION("""COMPUTED_VALUE"""),"Independiente") -> Independiente | G32: =IFERROR(__xludf.DUMMYFUNCTION("""COMPUTED_VALUE"""),2.0) -> 2 | H32: =IFERROR(__xludf.DUMMYFUNCTION("""COMPUTED_VALUE"""),"CAROL AMBO AMPUEROGESTIONSALUD PUBLICAENCARGAD@ EPIDEMIOLOGIA 2 (2 HRS)") -> CAROL AMBO AMPUEROGESTIONSALUD PUBLICAENCARGAD@ EPIDEMIOLOGIA 2 (2 HRS)
A33: =IFERROR(__xludf.DUMMYFUNCTION("""COMPUTED_VALUE"""),"CAROL AMBO AMPUERO") -> CAROL AMBO AMPUERO | B33: =IFERROR(__xludf.DUMMYFUNCTION("""COMPUTED_VALUE"""),"GESTION") -> GESTION | C33: =IFERROR(__xludf.DUMMYFUNCTION("""COMPUTED_VALUE"""),"TECNICO - ADMNISTRATIVO") -> TECNICO - ADMNISTRATIVO | D33: =IFERROR(__xludf.DUMMYFUNCTION("""COMPUTED_VALUE"""),"ENCARGADO TOMA DE MUESTRA (2 HRS)") -> ENCARGADO TOMA DE MUESTRA (2 HRS) | E33: =IFERROR(__xludf.DUMMYFUNCTION("""COMPUTED_VALUE"""),2.0) -> 2 | F33: =IFERROR(__xludf.DUMMYFUNCTION("""COMPUTED_VALUE"""),"Independiente") -> Independiente | G33: =IFERROR(__xludf.DUMMYFUNCTION("""COMPUTED_VALUE"""),2.0) -> 2 | H33: =IFERROR(__xludf.DUMMYFUNCTION("""COMPUTED_VALUE"""),"CAROL AMBO AMPUEROGESTIONTECNICO - ADMNISTRATIVOENCARGADO TOMA DE MUESTRA (2 HRS)") -> CAROL AMBO AMPUEROGESTIONTECNICO - ADMNISTRATIVOENCARGADO TOMA DE MUESTRA (2 HRS)
A34: =IFERROR(__xludf.DUMMYFUNCTION("""COMPUTED_VALUE"""),"CAROL AMBO AMPUERO") -> CAROL AMBO AMPUERO | B34: =IFERROR(__xludf.DUMMYFUNCTION("""COMPUTED_VALUE"""),"GESTION") -> GESTION | C34: =IFERROR(__xludf.DUMMYFUNCTION("""COMPUTED_VALUE"""),"PROGRAMA - TRANSVERSAL") -> PROGRAMA - TRANSVERSAL | D34: =IFERROR(__xludf.DUMMYFUNCTION("""COMPUTED_VALUE"""),"ENCARGADO PROGRAMA (3 HRS)") -> ENCARGADO PROGRAMA (3 HRS) | E34: =IFERROR(__xludf.DUMMYFUNCTION("""COMPUTED_VALUE"""),3.0) -> 3 | F34: =IFERROR(__xludf.DUMMYFUNCTION("""COMPUTED_VALUE"""),"Independiente") -> Independiente | G34: =IFERROR(__xludf.DUMMYFUNCTION("""COMPUTED_VALUE"""),3.0) -> 3 | H34: =IFERROR(__xludf.DUMMYFUNCTION("""COMPUTED_VALUE"""),"CAROL AMBO AMPUEROGESTIONPROGRAMA - TRANSVERSALENCARGADO PROGRAMA (3 HRS)") -> CAROL AMBO AMPUEROGESTIONPROGRAMA - TRANSVERSALENCARGADO PROGRAMA (3 HRS)
A35: =IFERROR(__xludf.DUMMYFUNCTION("""COMPUTED_VALUE"""),"CAROL AMBO AMPUERO") -> CAROL AMBO AMPUERO | B35: =IFERROR(__xludf.DUMMYFUNCTION("""COMPUTED_VALUE"""),"GESTION") -> GESTION | C35: =IFERROR(__xludf.DUMMYFUNCTION("""COMPUTED_VALUE"""),"PROGRAMA - TRANSVERSAL") -> PROGRAMA - TRANSVERSAL | D35: =IFERROR(__xludf.DUMMYFUNCTION("""COMPUTED_VALUE"""),"ENCARGAD@ PROGRAMA ADULTO Y ADULTO MAYOR (PSCV) (3 HRS)") -> ENCARGAD@ PROGRAMA ADULTO Y ADULTO MAYOR (PSCV) (3 HRS) | E35: =IFERROR(__xludf.DUMMYFUNCTION("""COMPUTED_VALUE"""),3.0) -> 3 | F35: =IFERROR(__xludf.DUMMYFUNCTION("""COMPUTED_VALUE"""),"Independiente") -> Independiente | G35: =IFERROR(__xludf.DUMMYFUNCTION("""COMPUTED_VALUE"""),3.0) -> 3 | H35: =IFERROR(__xludf.DUMMYFUNCTION("""COMPUTED_VALUE"""),"CAROL AMBO AMPUEROGESTIONPROGRAMA - TRANSVERSALENCARGAD@ PROGRAMA ADULTO Y ADULTO MAYOR (PSCV) (3 HRS)") -> CAROL AMBO AMPUEROGESTIONPROGRAMA - TRANSVERSALENCARGAD@ PROGRAMA ADULTO Y ADULTO MAYOR (PSCV) (3 HRS)
A36: =IFERROR(__xludf.DUMMYFUNCTION("""COMPUTED_VALUE"""),"CAROL AMBO AMPUERO") -> CAROL AMBO AMPUERO | B36: =IFERROR(__xludf.DUMMYFUNCTION("""COMPUTED_VALUE"""),"GESTION") -> GESTION | C36: =IFERROR(__xludf.DUMMYFUNCTION("""COMPUTED_VALUE"""),"SALUD PUBLICA") -> SALUD PUBLICA | D36: =IFERROR(__xludf.DUMMYFUNCTION("""COMPUTED_VALUE"""),"ENCARGAD@ NANEAS (2 HRS)") -> ENCARGAD@ NANEAS (2 HRS) | E36: =IFERROR(__xludf.DUMMYFUNCTION("""COMPUTED_VALUE"""),2.0) -> 2 | F36: =IFERROR(__xludf.DUMMYFUNCTION("""COMPUTED_VALUE"""),"Independiente") -> Independiente | G36: =IFERROR(__xludf.DUMMYFUNCTION("""COMPUTED_VALUE"""),2.0) -> 2 | H36: =IFERROR(__xludf.DUMMYFUNCTION("""COMPUTED_VALUE"""),"CAROL AMBO AMPUEROGESTIONSALUD PUBLICAENCARGAD@ NANEAS (2 HRS)") -> CAROL AMBO AMPUEROGESTIONSALUD PUBLICAENCARGAD@ NANEAS (2 HRS)
A37: =IFERROR(__xludf.DUMMYFUNCTION("""COMPUTED_VALUE"""),"PAULA ABARCA MORALES") -> PAULA ABARCA MORALES | B37: =IFERROR(__xludf.DUMMYFUNCTION("""COMPUTED_VALUE"""),"GESTION") -> GESTION | C37: =IFERROR(__xludf.DUMMYFUNCTION("""COMPUTED_VALUE"""),"TECNICO - ADMNISTRATIVO") -> TECNICO - ADMNISTRATIVO | D37: =IFERROR(__xludf.DUMMYFUNCTION("""COMPUTED_VALUE"""),"ENCARGAD@ CECOSF") -> ENCARGAD@ CECOSF | E37: =IFERROR(__xludf.DUMMYFUNCTION("""COMPUTED_VALUE"""),22.0) -> 22 | F37: =IFERROR(__xludf.DUMMYFUNCTION("""COMPUTED_VALUE"""),"Independiente") -> Independiente | G37: =IFERROR(__xludf.DUMMYFUNCTION("""COMPUTED_VALUE"""),22.0) -> 22 | H37: =IFERROR(__xludf.DUMMYFUNCTION("""COMPUTED_VALUE"""),"PAULA ABARCA MORALESGESTIONTECNICO - ADMNISTRATIVOENCARGAD@ CECOSF") -> PAULA ABARCA MORALESGESTIONTECNICO - ADMNISTRATIVOENCARGAD@ CECOSF
A38: =IFERROR(__xludf.DUMMYFUNCTION("""COMPUTED_VALUE"""),"PAULA ABARCA MORALES") -> PAULA ABARCA MORALES | B38: =IFERROR(__xludf.DUMMYFUNCTION("""COMPUTED_VALUE"""),"GESTION") -> GESTION | C38: =IFERROR(__xludf.DUMMYFUNCTION("""COMPUTED_VALUE"""),"TECNICO - ADMNISTRATIVO") -> TECNICO - ADMNISTRATIVO | D38: =IFERROR(__xludf.DUMMYFUNCTION("""COMPUTED_VALUE"""),"ENCARGAD@ PROGRAMACION (2 HRS)") -> ENCARGAD@ PROGRAMACION (2 HRS) | E38: =IFERROR(__xludf.DUMMYFUNCTION("""COMPUTED_VALUE"""),2.0) -> 2 | F38: =IFERROR(__xludf.DUMMYFUNCTION("""COMPUTED_VALUE"""),"Incluido en otras Horas Gestión") -> Incluido en otras Horas Gestión | G38: =IFERROR(__xludf.DUMMYFUNCTION("""COMPUTED_VALUE"""),0.0) -> 0 | H38: =IFERROR(__xludf.DUMMYFUNCTION("""COMPUTED_VALUE"""),"PAULA ABARCA MORALESGESTIONTECNICO - ADMNISTRATIVOENCARGAD@ PROGRAMACION (2 HRS)") -> PAULA ABARCA MORALESGESTIONTECNICO - ADMNISTRATIVOENCARGAD@ PROGRAMACION (2 HRS)
A39: =IFERROR(__xludf.DUMMYFUNCTION("""COMPUTED_VALUE"""),"PAULA ABARCA MORALES") -> PAULA ABARCA MORALES | B39: =IFERROR(__xludf.DUMMYFUNCTION("""COMPUTED_VALUE"""),"GESTION") -> GESTION | C39: =IFERROR(__xludf.DUMMYFUNCTION("""COMPUTED_VALUE"""),"DERECHOS Y DEBERES") -> DERECHOS Y DEBERES | D39: =IFERROR(__xludf.DUMMYFUNCTION("""COMPUTED_VALUE"""),"ENCARGAD@ OIRS (5 HORAS)") -> ENCARGAD@ OIRS (5 HORAS) | E39: =IFERROR(__xludf.DUMMYFUNCTION("""COMPUTED_VALUE"""),5.0) -> 5 | F39: =IFERROR(__xludf.DUMMYFUNCTION("""COMPUTED_VALUE"""),"Incluido en otras Horas Gestión") -> Incluido en otras Horas Gestión | G39: =IFERROR(__xludf.DUMMYFUNCTION("""COMPUTED_VALUE"""),0.0) -> 0 | H39: =IFERROR(__xludf.DUMMYFUNCTION("""COMPUTED_VALUE"""),"PAULA ABARCA MORALESGESTIONDERECHOS Y DEBERESENCARGAD@ OIRS (5 HORAS)") -> PAULA ABARCA MORALESGESTIONDERECHOS Y DEBERESENCARGAD@ OIRS (5 HORAS)
A40: =IFERROR(__xludf.DUMMYFUNCTION("""COMPUTED_VALUE"""),"PAULA ABARCA MORALES") -> PAULA ABARCA MORALES | B40: =IFERROR(__xludf.DUMMYFUNCTION("""COMPUTED_VALUE"""),"GESTION") -> GESTION | C40: =IFERROR(__xludf.DUMMYFUNCTION("""COMPUTED_VALUE"""),"SALUD PUBLICA") -> SALUD PUBLICA | D40: =IFERROR(__xludf.DUMMYFUNCTION("""COMPUTED_VALUE"""),"ENCARGAD@ PPAA (PNAC-PACAM) (5 HRS)") -> ENCARGAD@ PPAA (PNAC-PACAM) (5 HRS) | E40: =IFERROR(__xludf.DUMMYFUNCTION("""COMPUTED_VALUE"""),5.0) -> 5 | F40: =IFERROR(__xludf.DUMMYFUNCTION("""COMPUTED_VALUE"""),"Incluido en otras Horas Gestión") -> Incluido en otras Horas Gestión | G40: =IFERROR(__xludf.DUMMYFUNCTION("""COMPUTED_VALUE"""),0.0) -> 0 | H40: =IFERROR(__xludf.DUMMYFUNCTION("""COMPUTED_VALUE"""),"PAULA ABARCA MORALESGESTIONSALUD PUBLICAENCARGAD@ PPAA (PNAC-PACAM) (5 HRS)") -> PAULA ABARCA MORALESGESTIONSALUD PUBLICAENCARGAD@ PPAA (PNAC-PACAM) (5 HRS)
A41: =IFERROR(__xludf.DUMMYFUNCTION("""COMPUTED_VALUE"""),"PAULINA DIAZ MEDINA") -> PAULINA DIAZ MEDINA | B41: =IFERROR(__xludf.DUMMYFUNCTION("""COMPUTED_VALUE"""),"GESTION") -> GESTION | C41: =IFERROR(__xludf.DUMMYFUNCTION("""COMPUTED_VALUE"""),"DERECHOS Y DEBERES") -> DERECHOS Y DEBERES | D41: =IFERROR(__xludf.DUMMYFUNCTION("""COMPUTED_VALUE"""),"ENCARGAD@ MIGRANTES (1 HR)") -> ENCARGAD@ MIGRANTES (1 HR) | E41: =IFERROR(__xludf.DUMMYFUNCTION("""COMPUTED_VALUE"""),1.0) -> 1 | F41: =IFERROR(__xludf.DUMMYFUNCTION("""COMPUTED_VALUE"""),"Incluido en otras Horas Gestión") -> Incluido en otras Horas Gestión | G41: =IFERROR(__xludf.DUMMYFUNCTION("""COMPUTED_VALUE"""),0.0) -> 0 | H41: =IFERROR(__xludf.DUMMYFUNCTION("""COMPUTED_VALUE"""),"PAULINA DIAZ MEDINAGESTIONDERECHOS Y DEBERESENCARGAD@ MIGRANTES (1 HR)") -> PAULINA DIAZ MEDINAGESTIONDERECHOS Y DEBERESENCARGAD@ MIGRANTES (1 HR)
A42: =IFERROR(__xludf.DUMMYFUNCTION("""COMPUTED_VALUE"""),"PAULINA DIAZ MEDINA") -> PAULINA DIAZ MEDINA | B42: =IFERROR(__xludf.DUMMYFUNCTION("""COMPUTED_VALUE"""),"GESTION") -> GESTION | C42: =IFERROR(__xludf.DUMMYFUNCTION("""COMPUTED_VALUE"""),"COMUNIDAD") -> COMUNIDAD | D42: =IFERROR(__xludf.DUMMYFUNCTION("""COMPUTED_VALUE"""),"ENCARGAD@ PARTICIPACION Y PROMOCION (22 HORAS)") -> ENCARGAD@ PARTICIPACION Y PROMOCION (22 HORAS) | E42: =IFERROR(__xludf.DUMMYFUNCTION("""COMPUTED_VALUE"""),22.0) -> 22 | F42: =IFERROR(__xludf.DUMMYFUNCTION("""COMPUTED_VALUE"""),"Independiente") -> Independiente | G42: =IFERROR(__xludf.DUMMYFUNCTION("""COMPUTED_VALUE"""),22.0) -> 22 | H42: =IFERROR(__xludf.DUMMYFUNCTION("""COMPUTED_VALUE"""),"PAULINA DIAZ MEDINAGESTIONCOMUNIDADENCARGAD@ PARTICIPACION Y PROMOCION (22 HORAS)") -> PAULINA DIAZ MEDINAGESTIONCOMUNIDADENCARGAD@ PARTICIPACION Y PROMOCION (22 HORAS)
A43: =IFERROR(__xludf.DUMMYFUNCTION("""COMPUTED_VALUE"""),"CONSTANZA PALMA MONTERO") -> CONSTANZA PALMA MONTERO | B43: =IFERROR(__xludf.DUMMYFUNCTION("""COMPUTED_VALUE"""),"GESTION") -> GESTION | C43: =IFERROR(__xludf.DUMMYFUNCTION("""COMPUTED_VALUE"""),"MAISFC") -> MAISFC | D43: =IFERROR(__xludf.DUMMYFUNCTION("""COMPUTED_VALUE"""),"ENCARGAD@ ECICEP (3 HRS)") -> ENCARGAD@ ECICEP (3 HRS) | E43: =IFERROR(__xludf.DUMMYFUNCTION("""COMPUTED_VALUE"""),3.0) -> 3 | F43: =IFERROR(__xludf.DUMMYFUNCTION("""COMPUTED_VALUE"""),"Independiente") -> Independiente | G43: =IFERROR(__xludf.DUMMYFUNCTION("""COMPUTED_VALUE"""),3.0) -> 3 | H43: =IFERROR(__xludf.DUMMYFUNCTION("""COMPUTED_VALUE"""),"CONSTANZA PALMA MONTEROGESTIONMAISFCENCARGAD@ ECICEP (3 HRS)") -> CONSTANZA PALMA MONTEROGESTIONMAISFCENCARGAD@ ECICEP (3 HRS)
A44: =IFERROR(__xludf.DUMMYFUNCTION("""COMPUTED_VALUE"""),"FANNY QUINTANILLA CORDERO") -> FANNY QUINTANILLA CORDERO | B44: =IFERROR(__xludf.DUMMYFUNCTION("""COMPUTED_VALUE"""),"GESTION") -> GESTION | C44: =IFERROR(__xludf.DUMMYFUNCTION("""COMPUTED_VALUE"""),"TECNICO - ADMNISTRATIVO") -> TECNICO - ADMNISTRATIVO | D44: =IFERROR(__xludf.DUMMYFUNCTION("""COMPUTED_VALUE"""),"ESTADISTICA TRIMESTRAL (2 DIAS)") -> ESTADISTICA TRIMESTRAL (2 DIAS) | E44: =IFERROR(__xludf.DUMMYFUNCTION("""COMPUTED_VALUE"""),1.25) -> 1.25 | F44: =IFERROR(__xludf.DUMMYFUNCTION("""COMPUTED_VALUE"""),"Independiente") -> Independiente | G44: =IFERROR(__xludf.DUMMYFUNCTION("""COMPUTED_VALUE"""),1.25) -> 1.25 | H44: =IFERROR(__xludf.DUMMYFUNCTION("""COMPUTED_VALUE"""),"FANNY QUINTANILLA CORDEROGESTIONTECNICO - ADMNISTRATIVOESTADISTICA TRIMESTRAL (2 DIAS)") -> FANNY QUINTANILLA CORDEROGESTIONTECNICO - ADMNISTRATIVOESTADISTICA TRIMESTRAL (2 DIAS)
A45: =IFERROR(__xludf.DUMMYFUNCTION("""COMPUTED_VALUE"""),"CAROL AMBO AMPUERO") -> CAROL AMBO AMPUERO | B45: =IFERROR(__xludf.DUMMYFUNCTION("""COMPUTED_VALUE"""),"GESTION") -> GESTION | C45: =IFERROR(__xludf.DUMMYFUNCTION("""COMPUTED_VALUE"""),"TECNICO - ADMNISTRATIVO") -> TECNICO - ADMNISTRATIVO | D45: =IFERROR(__xludf.DUMMYFUNCTION("""COMPUTED_VALUE"""),"ESTADISTICA MENSUAL (1 DIA)") -> ESTADISTICA MENSUAL (1 DIA) | E45: =IFERROR(__xludf.DUMMYFUNCTION("""COMPUTED_VALUE"""),2.0) -> 2 | F45: =IFERROR(__xludf.DUMMYFUNCTION("""COMPUTED_VALUE"""),"Independiente") -> Independiente | G45: =IFERROR(__xludf.DUMMYFUNCTION("""COMPUTED_VALUE"""),2.0) -> 2 | H45: =IFERROR(__xludf.DUMMYFUNCTION("""COMPUTED_VALUE"""),"CAROL AMBO AMPUEROGESTIONTECNICO - ADMNISTRATIVOESTADISTICA MENSUAL (1 DIA)") -> CAROL AMBO AMPUEROGESTIONTECNICO - ADMNISTRATIVOESTADISTICA MENSUAL (1 DIA)
A46: =IFERROR(__xludf.DUMMYFUNCTION("""COMPUTED_VALUE"""),"CAROL AMBO AMPUERO") -> CAROL AMBO AMPUERO | B46: =IFERROR(__xludf.DUMMYFUNCTION("""COMPUTED_VALUE"""),"GESTION") -> GESTION | C46: =IFERROR(__xludf.DUMMYFUNCTION("""COMPUTED_VALUE"""),"TECNICO - ADMNISTRATIVO") -> TECNICO - ADMNISTRATIVO | D46: =IFERROR(__xludf.DUMMYFUNCTION("""COMPUTED_VALUE"""),"ESTADISTICA TRIMESTRAL (2 DIAS)") -> ESTADISTICA TRIMESTRAL (2 DIAS) | E46: =IFERROR(__xludf.DUMMYFUNCTION("""COMPUTED_VALUE"""),1.25) -> 1.25 | F46: =IFERROR(__xludf.DUMMYFUNCTION("""COMPUTED_VALUE"""),"Independiente") -> Independiente | G46: =IFERROR(__xludf.DUMMYFUNCTION("""COMPUTED_VALUE"""),1.25) -> 1.25 | H46: =IFERROR(__xludf.DUMMYFUNCTION("""COMPUTED_VALUE"""),"CAROL AMBO AMPUEROGESTIONTECNICO - ADMNISTRATIVOESTADISTICA TRIMESTRAL (2 DIAS)") -> CAROL AMBO AMPUEROGESTIONTECNICO - ADMNISTRATIVOESTADISTICA TRIMESTRAL (2 DIAS)
A47: =IFERROR(__xludf.DUMMYFUNCTION("""COMPUTED_VALUE"""),"VANESSA ESPINOZA ESPINOZA") -> VANESSA ESPINOZA ESPINOZA | B47: =IFERROR(__xludf.DUMMYFUNCTION("""COMPUTED_VALUE"""),"GESTION") -> GESTION | C47: =IFERROR(__xludf.DUMMYFUNCTION("""COMPUTED_VALUE"""),"TECNICO - ADMNISTRATIVO") -> TECNICO - ADMNISTRATIVO | D47: =IFERROR(__xludf.DUMMYFUNCTION("""COMPUTED_VALUE"""),"ESTADISTICA MENSUAL COMPLETA (4 HRS × 12 VECES)") -> ESTADISTICA MENSUAL COMPLETA (4 HRS × 12 VECES) | E47: =IFERROR(__xludf.DUMMYFUNCTION("""COMPUTED_VALUE"""),0.9) -> 0.9 | F47: =IFERROR(__xludf.DUMMYFUNCTION("""COMPUTED_VALUE"""),"Independiente") -> Independiente | G47: =IFERROR(__xludf.DUMMYFUNCTION("""COMPUTED_VALUE"""),0.9) -> 0.9 | H47: =IFERROR(__xludf.DUMMYFUNCTION("""COMPUTED_VALUE"""),"VANESSA ESPINOZA ESPINOZAGESTIONTECNICO - ADMNISTRATIVOESTADISTICA MENSUAL COMPLETA (4 HRS × 12 VECES)") -> VANESSA ESPINOZA ESPINOZAGESTIONTECNICO - ADMNISTRATIVOESTADISTICA MENSUAL COMPLETA (4 HRS × 12 VECES)
A48: =IFERROR(__xludf.DUMMYFUNCTION("""COMPUTED_VALUE"""),"SORAYA CRUCES DIAZ") -> SORAYA CRUCES DIAZ | B48: =IFERROR(__xludf.DUMMYFUNCTION("""COMPUTED_VALUE"""),"GESTION") -> GESTION | C48: =IFERROR(__xludf.DUMMYFUNCTION("""COMPUTED_VALUE"""),"TECNICO - ADMNISTRATIVO") -> TECNICO - ADMNISTRATIVO | D48: =IFERROR(__xludf.DUMMYFUNCTION("""COMPUTED_VALUE"""),"ESTADISTICA MENSUAL (1 DIA)") -> ESTADISTICA MENSUAL (1 DIA) | E48: =IFERROR(__xludf.DUMMYFUNCTION("""COMPUTED_VALUE"""),2.0) -> 2 | F48: =IFERROR(__xludf.DUMMYFUNCTION("""COMPUTED_VALUE"""),"Independiente") -> Independiente | G48: =IFERROR(__xludf.DUMMYFUNCTION("""COMPUTED_VALUE"""),2.0) -> 2 | H48: =IFERROR(__xludf.DUMMYFUNCTION("""COMPUTED_VALUE"""),"SORAYA CRUCES DIAZGESTIONTECNICO - ADMNISTRATIVOESTADISTICA MENSUAL (1 DIA)") -> SORAYA CRUCES DIAZGESTIONTECNICO - ADMNISTRATIVOESTADISTICA MENSUAL (1 DIA)
A49: =IFERROR(__xludf.DUMMYFUNCTION("""COMPUTED_VALUE"""),"PAULA ABARCA MORALES") -> PAULA ABARCA MORALES | B49: =IFERROR(__xludf.DUMMYFUNCTION("""COMPUTED_VALUE"""),"GESTION") -> GESTION | C49: =IFERROR(__xludf.DUMMYFUNCTION("""COMPUTED_VALUE"""),"TECNICO - ADMNISTRATIVO") -> TECNICO - ADMNISTRATIVO | D49: =IFERROR(__xludf.DUMMYFUNCTION("""COMPUTED_VALUE"""),"ESTADISTICA MENSUAL (1 DIA)") -> ESTADISTICA MENSUAL (1 DIA) | E49: =IFERROR(__xludf.DUMMYFUNCTION("""COMPUTED_VALUE"""),2.0) -> 2 | F49: =IFERROR(__xludf.DUMMYFUNCTION("""COMPUTED_VALUE"""),"Independiente") -> Independiente | G49: =IFERROR(__xludf.DUMMYFUNCTION("""COMPUTED_VALUE"""),2.0) -> 2 | H49: =IFERROR(__xludf.DUMMYFUNCTION("""COMPUTED_VALUE"""),"PAULA ABARCA MORALESGESTIONTECNICO - ADMNISTRATIVOESTADISTICA MENSUAL (1 DIA)") -> PAULA ABARCA MORALESGESTIONTECNICO - ADMNISTRATIVOESTADISTICA MENSUAL (1 DIA)
A50: =IFERROR(__xludf.DUMMYFUNCTION("""COMPUTED_VALUE"""),"PAULINA DIAZ MEDINA") -> PAULINA DIAZ MEDINA | B50: =IFERROR(__xludf.DUMMYFUNCTION("""COMPUTED_VALUE"""),"GESTION") -> GESTION | C50: =IFERROR(__xludf.DUMMYFUNCTION("""COMPUTED_VALUE"""),"TECNICO - ADMNISTRATIVO") -> TECNICO - ADMNISTRATIVO | D50: =IFERROR(__xludf.DUMMYFUNCTION("""COMPUTED_VALUE"""),"ESTADISTICA MENSUAL COMPLETA (4 HRS × 12 VECES)") -> ESTADISTICA MENSUAL COMPLETA (4 HRS × 12 VECES) | E50: =IFERROR(__xludf.DUMMYFUNCTION("""COMPUTED_VALUE"""),0.9) -> 0.9 | F50: =IFERROR(__xludf.DUMMYFUNCTION("""COMPUTED_VALUE"""),"Independiente") -> Independiente | G50: =IFERROR(__xludf.DUMMYFUNCTION("""COMPUTED_VALUE"""),0.9) -> 0.9 | H50: =IFERROR(__xludf.DUMMYFUNCTION("""COMPUTED_VALUE"""),"PAULINA DIAZ MEDINAGESTIONTECNICO - ADMNISTRATIVOESTADISTICA MENSUAL COMPLETA (4 HRS × 12 VECES)") -> PAULINA DIAZ MEDINAGESTIONTECNICO - ADMNISTRATIVOESTADISTICA MENSUAL COMPLETA (4 HRS × 12 VECES)
A51: =IFERROR(__xludf.DUMMYFUNCTION("""COMPUTED_VALUE"""),"KARINA MONTANARES") -> KARINA MONTANARES | B51: =IFERROR(__xludf.DUMMYFUNCTION("""COMPUTED_VALUE"""),"GESTION") -> GESTION | C51: =IFERROR(__xludf.DUMMYFUNCTION("""COMPUTED_VALUE"""),"TECNICO - ADMNISTRATIVO") -> TECNICO - ADMNISTRATIVO | D51: =IFERROR(__xludf.DUMMYFUNCTION("""COMPUTED_VALUE"""),"ESTADISTICA MENSUAL COMPLETA (4 HRS × 12 VECES)") -> ESTADISTICA MENSUAL COMPLETA (4 HRS × 12 VECES) | E51: =IFERROR(__xludf.DUMMYFUNCTION("""COMPUTED_VALUE"""),0.9) -> 0.9 | F51: =IFERROR(__xludf.DUMMYFUNCTION("""COMPUTED_VALUE"""),"Independiente") -> Independiente | G51: =IFERROR(__xludf.DUMMYFUNCTION("""COMPUTED_VALUE"""),0.9) -> 0.9 | H51: =IFERROR(__xludf.DUMMYFUNCTION("""COMPUTED_VALUE"""),"KARINA MONTANARESGESTIONTECNICO - ADMNISTRATIVOESTADISTICA MENSUAL COMPLETA (4 HRS × 12 VECES)") -> KARINA MONTANARESGESTIONTECNICO - ADMNISTRATIVOESTADISTICA MENSUAL COMPLETA (4 HRS × 12 VECES)
A52: =IFERROR(__xludf.DUMMYFUNCTION("""COMPUTED_VALUE"""),"DANIELA ROJAS GAMBOA") -> DANIELA ROJAS GAMBOA | B52: =IFERROR(__xludf.DUMMYFUNCTION("""COMPUTED_VALUE"""),"GESTION") -> GESTION | C52: =IFERROR(__xludf.DUMMYFUNCTION("""COMPUTED_VALUE"""),"TECNICO - ADMNISTRATIVO") -> TECNICO - ADMNISTRATIVO | D52: =IFERROR(__xludf.DUMMYFUNCTION("""COMPUTED_VALUE"""),"ESTADISTICA MENSUAL (1 DIA)") -> ESTADISTICA MENSUAL (1 DIA) | E52: =IFERROR(__xludf.DUMMYFUNCTION("""COMPUTED_VALUE"""),2.0) -> 2 | F52: =IFERROR(__xludf.DUMMYFUNCTION("""COMPUTED_VALUE"""),"Independiente") -> Independiente | G52: =IFERROR(__xludf.DUMMYFUNCTION("""COMPUTED_VALUE"""),2.0) -> 2 | H52: =IFERROR(__xludf.DUMMYFUNCTION("""COMPUTED_VALUE"""),"DANIELA ROJAS GAMBOAGESTIONTECNICO - ADMNISTRATIVOESTADISTICA MENSUAL (1 DIA)") -> DANIELA ROJAS GAMBOAGESTIONTECNICO - ADMNISTRATIVOESTADISTICA MENSUAL (1 DIA)
A53: =IFERROR(__xludf.DUMMYFUNCTION("""COMPUTED_VALUE"""),"ANGELA ZUÑIGA MUGA") -> ANGELA ZUÑIGA MUGA | B53: =IFERROR(__xludf.DUMMYFUNCTION("""COMPUTED_VALUE"""),"GESTION") -> GESTION | C53: =IFERROR(__xludf.DUMMYFUNCTION("""COMPUTED_VALUE"""),"TECNICO - ADMNISTRATIVO") -> TECNICO - ADMNISTRATIVO | D53: =IFERROR(__xludf.DUMMYFUNCTION("""COMPUTED_VALUE"""),"ESTADISTICA MENSUAL (1 DIA)") -> ESTADISTICA MENSUAL (1 DIA) | E53: =IFERROR(__xludf.DUMMYFUNCTION("""COMPUTED_VALUE"""),2.0) -> 2 | F53: =IFERROR(__xludf.DUMMYFUNCTION("""COMPUTED_VALUE"""),"Independiente") -> Independiente | G53: =IFERROR(__xludf.DUMMYFUNCTION("""COMPUTED_VALUE"""),2.0) -> 2 | H53: =IFERROR(__xludf.DUMMYFUNCTION("""COMPUTED_VALUE"""),"ANGELA ZUÑIGA MUGAGESTIONTECNICO - ADMNISTRATIVOESTADISTICA MENSUAL (1 DIA)") -> ANGELA ZUÑIGA MUGAGESTIONTECNICO - ADMNISTRATIVOESTADISTICA MENSUAL (1 DIA)
A54: =IFERROR(__xludf.DUMMYFUNCTION("""COMPUTED_VALUE"""),"PRUEBA") -> PRUEBA | B54: =IFERROR(__xludf.DUMMYFUNCTION("""COMPUTED_VALUE"""),"REUNION") -> REUNION | C54: =IFERROR(__xludf.DUMMYFUNCTION("""COMPUTED_VALUE"""),"EQUIPO") -> EQUIPO | D54: =IFERROR(__xludf.DUMMYFUNCTION("""COMPUTED_VALUE"""),"REUNIÓN EQUIPO PYP CESFAM") -> REUNIÓN EQUIPO PYP CESFAM | E54: =IFERROR(__xludf.DUMMYFUNCTION("""COMPUTED_VALUE"""),0.45) -> 0.45 | F54: =IFERROR(__xludf.DUMMYFUNCTION("""COMPUTED_VALUE"""),"Independiente") -> Independiente | G54: =IFERROR(__xludf.DUMMYFUNCTION("""COMPUTED_VALUE"""),2.0) -> 2 | H54: =IFERROR(__xludf.DUMMYFUNCTION("""COMPUTED_VALUE"""),"PRUEBAREUNIONEQUIPOREUNIÓN EQUIPO PYP CESFAM") -> PRUEBAREUNIONEQUIPOREUNIÓN EQUIPO PYP CESFAM
A55: =IFERROR(__xludf.DUMMYFUNCTION("""COMPUTED_VALUE"""),"PAULINA DIAZ MEDINA") -> PAULINA DIAZ MEDINA | B55: =IFERROR(__xludf.DUMMYFUNCTION("""COMPUTED_VALUE"""),"REUNION") -> REUNION | C55: =IFERROR(__xludf.DUMMYFUNCTION("""COMPUTED_VALUE"""),"COMUNIDAD") -> COMUNIDAD | D55: =IFERROR(__xludf.DUMMYFUNCTION("""COMPUTED_VALUE"""),"COMSE") -> COMSE | E55: =IFERROR(__xludf.DUMMYFUNCTION("""COMPUTED_VALUE"""),0.75) -> 0.75 | F55: =IFERROR(__xludf.DUMMYFUNCTION("""COMPUTED_VALUE"""),"Incluido en otras Horas Gestión") -> Incluido en otras Horas Gestión | H55: =IFERROR(__xludf.DUMMYFUNCTION("""COMPUTED_VALUE"""),"PAULINA DIAZ MEDINAREUNIONCOMUNIDADCOMSE") -> PAULINA DIAZ MEDINAREUNIONCOMUNIDADCOMSE
A56: =IFERROR(__xludf.DUMMYFUNCTION("""COMPUTED_VALUE"""),"VANESSA ESPINOZA ESPINOZA") -> VANESSA ESPINOZA ESPINOZA | B56: =IFERROR(__xludf.DUMMYFUNCTION("""COMPUTED_VALUE"""),"REUNION") -> REUNION | C56: =IFERROR(__xludf.DUMMYFUNCTION("""COMPUTED_VALUE"""),"COMUNIDAD") -> COMUNIDAD | D56: =IFERROR(__xludf.DUMMYFUNCTION("""COMPUTED_VALUE"""),"COMSE") -> COMSE | E56: =IFERROR(__xludf.DUMMYFUNCTION("""COMPUTED_VALUE"""),0.75) -> 0.75 | F56: =IFERROR(__xludf.DUMMYFUNCTION("""COMPUTED_VALUE"""),"Incluido en otras Horas Gestión") -> Incluido en otras Horas Gestión | G56: =IFERROR(__xludf.DUMMYFUNCTION("""COMPUTED_VALUE"""),0.0) -> 0 | H56: =IFERROR(__xludf.DUMMYFUNCTION("""COMPUTED_VALUE"""),"VANESSA ESPINOZA ESPINOZAREUNIONCOMUNIDADCOMSE") -> VANESSA ESPINOZA ESPINOZAREUNIONCOMUNIDADCOMSE
A57: =IFERROR(__xludf.DUMMYFUNCTION("""COMPUTED_VALUE"""),"SORAYA CRUCES DIAZ") -> SORAYA CRUCES DIAZ | B57: =IFERROR(__xludf.DUMMYFUNCTION("""COMPUTED_VALUE"""),"REUNION") -> REUNION | C57: =IFERROR(__xludf.DUMMYFUNCTION("""COMPUTED_VALUE"""),"FUNCIONARIO") -> FUNCIONARIO | D57: =IFERROR(__xludf.DUMMYFUNCTION("""COMPUTED_VALUE"""),"AUTOCUIDADO") -> AUTOCUIDADO | E57: =IFERROR(__xludf.DUMMYFUNCTION("""COMPUTED_VALUE"""),0.6) -> 0.6 | F57: =IFERROR(__xludf.DUMMYFUNCTION("""COMPUTED_VALUE"""),"Independiente") -> Independiente | H57: =IFERROR(__xludf.DUMMYFUNCTION("""COMPUTED_VALUE"""),"SORAYA CRUCES DIAZREUNIONFUNCIONARIOAUTOCUIDADO") -> SORAYA CRUCES DIAZREUNIONFUNCIONARIOAUTOCUIDADO
A58: =IFERROR(__xludf.DUMMYFUNCTION("""COMPUTED_VALUE"""),"SORAYA CRUCES DIAZ") -> SORAYA CRUCES DIAZ | B58: =IFERROR(__xludf.DUMMYFUNCTION("""COMPUTED_VALUE"""),"REUNION") -> REUNION | C58: =IFERROR(__xludf.DUMMYFUNCTION("""COMPUTED_VALUE"""),"MAISFC") -> MAISFC | D58: =IFERROR(__xludf.DUMMYFUNCTION("""COMPUTED_VALUE"""),"CONSEJO AMPLIADO") -> CONSEJO AMPLIADO | E58: =IFERROR(__xludf.DUMMYFUNCTION("""COMPUTED_VALUE"""),0.5) -> 0.5 | F58: =IFERROR(__xludf.DUMMYFUNCTION("""COMPUTED_VALUE"""),"Independiente") -> Independiente | G58: =IFERROR(__xludf.DUMMYFUNCTION("""COMPUTED_VALUE"""),0.5) -> 0.5 | H58: =IFERROR(__xludf.DUMMYFUNCTION("""COMPUTED_VALUE"""),"SORAYA CRUCES DIAZREUNIONMAISFCCONSEJO AMPLIADO") -> SORAYA CRUCES DIAZREUNIONMAISFCCONSEJO AMPLIADO
A59: =IFERROR(__xludf.DUMMYFUNCTION("""COMPUTED_VALUE"""),"SORAYA CRUCES DIAZ") -> SORAYA CRUCES DIAZ | B59: =IFERROR(__xludf.DUMMYFUNCTION("""COMPUTED_VALUE"""),"REUNION") -> REUNION | C59: =IFERROR(__xludf.DUMMYFUNCTION("""COMPUTED_VALUE"""),"MAISFC") -> MAISFC | D59: =IFERROR(__xludf.DUMMYFUNCTION("""COMPUTED_VALUE"""),"REUNIÓN EQUIPO CABECERA") -> REUNIÓN EQUIPO CABECERA | E59: =IFERROR(__xludf.DUMMYFUNCTION("""COMPUTED_VALUE"""),0.5) -> 0.5 | F59: =IFERROR(__xludf.DUMMYFUNCTION("""COMPUTED_VALUE"""),"Independiente") -> Independiente | G59: =IFERROR(__xludf.DUMMYFUNCTION("""COMPUTED_VALUE"""),0.5) -> 0.5 | H59: =IFERROR(__xludf.DUMMYFUNCTION("""COMPUTED_VALUE"""),"SORAYA CRUCES DIAZREUNIONMAISFCREUNIÓN EQUIPO CABECERA") -> SORAYA CRUCES DIAZREUNIONMAISFCREUNIÓN EQUIPO CABECERA
A60: =IFERROR(__xludf.DUMMYFUNCTION("""COMPUTED_VALUE"""),"SORAYA CRUCES DIAZ") -> SORAYA CRUCES DIAZ | B60: =IFERROR(__xludf.DUMMYFUNCTION("""COMPUTED_VALUE"""),"REUNION") -> REUNION | C60: =IFERROR(__xludf.DUMMYFUNCTION("""COMPUTED_VALUE"""),"MAISFC") -> MAISFC | D60: =IFERROR(__xludf.DUMMYFUNCTION("""COMPUTED_VALUE"""),"REUNIÓN SECTOR (2 HRS - X12)") -> REUNIÓN SECTOR (2 HRS - X12) | E60: =IFERROR(__xludf.DUMMYFUNCTION("""COMPUTED_VALUE"""),0.6) -> 0.6 | F60: =IFERROR(__xludf.DUMMYFUNCTION("""COMPUTED_VALUE"""),"Independiente") -> Independiente | G60: =IFERROR(__xludf.DUMMYFUNCTION("""COMPUTED_VALUE"""),0.6) -> 0.6 | H60: =IFERROR(__xludf.DUMMYFUNCTION("""COMPUTED_VALUE"""),"SORAYA CRUCES DIAZREUNIONMAISFCREUNIÓN SECTOR (2 HRS - X12)") -> SORAYA CRUCES DIAZREUNIONMAISFCREUNIÓN SECTOR (2 HRS - X12)
A61: =IFERROR(__xludf.DUMMYFUNCTION("""COMPUTED_VALUE"""),"GERARDO VALENCIA BERMUDEZ") -> GERARDO VALENCIA BERMUDEZ | B61: =IFERROR(__xludf.DUMMYFUNCTION("""COMPUTED_VALUE"""),"REUNION") -> REUNION | C61: =IFERROR(__xludf.DUMMYFUNCTION("""COMPUTED_VALUE"""),"FUNCIONARIO") -> FUNCIONARIO | D61: =IFERROR(__xludf.DUMMYFUNCTION("""COMPUTED_VALUE"""),"AUTOCUIDADO") -> AUTOCUIDADO | E61: =IFERROR(__xludf.DUMMYFUNCTION("""COMPUTED_VALUE"""),0.6) -> 0.6 | F61: =IFERROR(__xludf.DUMMYFUNCTION("""COMPUTED_VALUE"""),"Independiente") -> Independiente | G61: =IFERROR(__xludf.DUMMYFUNCTION("""COMPUTED_VALUE"""),0.6) -> 0.6 | H61: =IFERROR(__xludf.DUMMYFUNCTION("""COMPUTED_VALUE"""),"GERARDO VALENCIA BERMUDEZREUNIONFUNCIONARIOAUTOCUIDADO") -> GERARDO VALENCIA BERMUDEZREUNIONFUNCIONARIOAUTOCUIDADO
A62: =IFERROR(__xludf.DUMMYFUNCTION("""COMPUTED_VALUE"""),"GERARDO VALENCIA BERMUDEZ") -> GERARDO VALENCIA BERMUDEZ | B62: =IFERROR(__xludf.DUMMYFUNCTION("""COMPUTED_VALUE"""),"REUNION") -> REUNION | C62: =IFERROR(__xludf.DUMMYFUNCTION("""COMPUTED_VALUE"""),"MAISFC") -> MAISFC | D62: =IFERROR(__xludf.DUMMYFUNCTION("""COMPUTED_VALUE"""),"CONSEJO AMPLIADO") -> CONSEJO AMPLIADO | E62: =IFERROR(__xludf.DUMMYFUNCTION("""COMPUTED_VALUE"""),0.5) -> 0.5 | F62: =IFERROR(__xludf.DUMMYFUNCTION("""COMPUTED_VALUE"""),"Independiente") -> Independiente | G62: =IFERROR(__xludf.DUMMYFUNCTION("""COMPUTED_VALUE"""),0.5) -> 0.5 | H62: =IFERROR(__xludf.DUMMYFUNCTION("""COMPUTED_VALUE"""),"GERARDO VALENCIA BERMUDEZREUNIONMAISFCCONSEJO AMPLIADO") -> GERARDO VALENCIA BERMUDEZREUNIONMAISFCCONSEJO AMPLIADO
A63: =IFERROR(__xludf.DUMMYFUNCTION("""COMPUTED_VALUE"""),"GERARDO VALENCIA BERMUDEZ") -> GERARDO VALENCIA BERMUDEZ | B63: =IFERROR(__xludf.DUMMYFUNCTION("""COMPUTED_VALUE"""),"REUNION") -> REUNION | C63: =IFERROR(__xludf.DUMMYFUNCTION("""COMPUTED_VALUE"""),"MAISFC") -> MAISFC | D63: =IFERROR(__xludf.DUMMYFUNCTION("""COMPUTED_VALUE"""),"REUNIÓN EQUIPO CABECERA") -> REUNIÓN EQUIPO CABECERA | E63: =IFERROR(__xludf.DUMMYFUNCTION("""COMPUTED_VALUE"""),0.5) -> 0.5 | F63: =IFERROR(__xludf.DUMMYFUNCTION("""COMPUTED_VALUE"""),"Independiente") -> Independiente | G63: =IFERROR(__xludf.DUMMYFUNCTION("""COMPUTED_VALUE"""),0.5) -> 0.5 | H63: =IFERROR(__xludf.DUMMYFUNCTION("""COMPUTED_VALUE"""),"GERARDO VALENCIA BERMUDEZREUNIONMAISFCREUNIÓN EQUIPO CABECERA") -> GERARDO VALENCIA BERMUDEZREUNIONMAISFCREUNIÓN EQUIPO CABECERA
A64: =IFERROR(__xludf.DUMMYFUNCTION("""COMPUTED_VALUE"""),"GERARDO VALENCIA BERMUDEZ") -> GERARDO VALENCIA BERMUDEZ | B64: =IFERROR(__xludf.DUMMYFUNCTION("""COMPUTED_VALUE"""),"REUNION") -> REUNION | C64: =IFERROR(__xludf.DUMMYFUNCTION("""COMPUTED_VALUE"""),"MAISFC") -> MAISFC | D64: =IFERROR(__xludf.DUMMYFUNCTION("""COMPUTED_VALUE"""),"REUNIÓN SECTOR (2 HRS - X12)") -> REUNIÓN SECTOR (2 HRS - X12) | E64: =IFERROR(__xludf.DUMMYFUNCTION("""COMPUTED_VALUE"""),0.6) -> 0.6 | F64: =IFERROR(__xludf.DUMMYFUNCTION("""COMPUTED_VALUE"""),"Independiente") -> Independiente | G64: =IFERROR(__xludf.DUMMYFUNCTION("""COMPUTED_VALUE"""),0.6) -> 0.6 | H64: =IFERROR(__xludf.DUMMYFUNCTION("""COMPUTED_VALUE"""),"GERARDO VALENCIA BERMUDEZREUNIONMAISFCREUNIÓN SECTOR (2 HRS - X12)") -> GERARDO VALENCIA BERMUDEZREUNIONMAISFCREUNIÓN SECTOR (2 HRS - X12)
A65: =IFERROR(__xludf.DUMMYFUNCTION("""COMPUTED_VALUE"""),"CONSTANZA PALMA MONTERO") -> CONSTANZA PALMA MONTERO | B65: =IFERROR(__xludf.DUMMYFUNCTION("""COMPUTED_VALUE"""),"REUNION") -> REUNION | C65: =IFERROR(__xludf.DUMMYFUNCTION("""COMPUTED_VALUE"""),"FUNCIONARIO") -> FUNCIONARIO | D65: =IFERROR(__xludf.DUMMYFUNCTION("""COMPUTED_VALUE"""),"AUTOCUIDADO") -> AUTOCUIDADO | E65: =IFERROR(__xludf.DUMMYFUNCTION("""COMPUTED_VALUE"""),0.6) -> 0.6 | F65: =IFERROR(__xludf.DUMMYFUNCTION("""COMPUTED_VALUE"""),"Independiente") -> Independiente | G65: =IFERROR(__xludf.DUMMYFUNCTION("""COMPUTED_VALUE"""),0.6) -> 0.6 | H65: =IFERROR(__xludf.DUMMYFUNCTION("""COMPUTED_VALUE"""),"CONSTANZA PALMA MONTEROREUNIONFUNCIONARIOAUTOCUIDADO") -> CONSTANZA PALMA MONTEROREUNIONFUNCIONARIOAUTOCUIDADO
A66: =IFERROR(__xludf.DUMMYFUNCTION("""COMPUTED_VALUE"""),"CONSTANZA PALMA MONTERO") -> CONSTANZA PALMA MONTERO | B66: =IFERROR(__xludf.DUMMYFUNCTION("""COMPUTED_VALUE"""),"REUNION") -> REUNION | C66: =IFERROR(__xludf.DUMMYFUNCTION("""COMPUTED_VALUE"""),"MAISFC") -> MAISFC | D66: =IFERROR(__xludf.DUMMYFUNCTION("""COMPUTED_VALUE"""),"CONSEJO AMPLIADO") -> CONSEJO AMPLIADO | E66: =IFERROR(__xludf.DUMMYFUNCTION("""COMPUTED_VALUE"""),0.5) -> 0.5 | F66: =IFERROR(__xludf.DUMMYFUNCTION("""COMPUTED_VALUE"""),"Independiente") -> Independiente | G66: =IFERROR(__xludf.DUMMYFUNCTION("""COMPUTED_VALUE"""),0.5) -> 0.5 | H66: =IFERROR(__xludf.DUMMYFUNCTION("""COMPUTED_VALUE"""),"CONSTANZA PALMA MONTEROREUNIONMAISFCCONSEJO AMPLIADO") -> CONSTANZA PALMA MONTEROREUNIONMAISFCCONSEJO AMPLIADO
A67: =IFERROR(__xludf.DUMMYFUNCTION("""COMPUTED_VALUE"""),"CONSTANZA PALMA MONTERO") -> CONSTANZA PALMA MONTERO | B67: =IFERROR(__xludf.DUMMYFUNCTION("""COMPUTED_VALUE"""),"REUNION") -> REUNION | C67: =IFERROR(__xludf.DUMMYFUNCTION("""COMPUTED_VALUE"""),"MAISFC") -> MAISFC | D67: =IFERROR(__xludf.DUMMYFUNCTION("""COMPUTED_VALUE"""),"REUNIÓN EQUIPO CABECERA") -> REUNIÓN EQUIPO CABECERA | E67: =IFERROR(__xludf.DUMMYFUNCTION("""COMPUTED_VALUE"""),0.5) -> 0.5 | F67: =IFERROR(__xludf.DUMMYFUNCTION("""COMPUTED_VALUE"""),"Independiente") -> Independiente | G67: =IFERROR(__xludf.DUMMYFUNCTION("""COMPUTED_VALUE"""),0.5) -> 0.5 | H67: =IFERROR(__xludf.DUMMYFUNCTION("""COMPUTED_VALUE"""),"CONSTANZA PALMA MONTEROREUNIONMAISFCREUNIÓN EQUIPO CABECERA") -> CONSTANZA PALMA MONTEROREUNIONMAISFCREUNIÓN EQUIPO CABECERA
A68: =IFERROR(__xludf.DUMMYFUNCTION("""COMPUTED_VALUE"""),"CONSTANZA PALMA MONTERO") -> CONSTANZA PALMA MONTERO | B68: =IFERROR(__xludf.DUMMYFUNCTION("""COMPUTED_VALUE"""),"REUNION") -> REUNION | C68: =IFERROR(__xludf.DUMMYFUNCTION("""COMPUTED_VALUE"""),"MAISFC") -> MAISFC | D68: =IFERROR(__xludf.DUMMYFUNCTION("""COMPUTED_VALUE"""),"REUNIÓN SECTOR (2 HRS - X12)") -> REUNIÓN SECTOR (2 HRS - X12) | E68: =IFERROR(__xludf.DUMMYFUNCTION("""COMPUTED_VALUE"""),0.6) -> 0.6 | F68: =IFERROR(__xludf.DUMMYFUNCTION("""COMPUTED_VALUE"""),"Independiente") -> Independiente | G68: =IFERROR(__xludf.DUMMYFUNCTION("""COMPUTED_VALUE"""),0.6) -> 0.6 | H68: =IFERROR(__xludf.DUMMYFUNCTION("""COMPUTED_VALUE"""),"CONSTANZA PALMA MONTEROREUNIONMAISFCREUNIÓN SECTOR (2 HRS - X12)") -> CONSTANZA PALMA MONTEROREUNIONMAISFCREUNIÓN SECTOR (2 HRS - X12)
A69: =IFERROR(__xludf.DUMMYFUNCTION("""COMPUTED_VALUE"""),"CAROL AMBO AMPUERO") -> CAROL AMBO AMPUERO | B69: =IFERROR(__xludf.DUMMYFUNCTION("""COMPUTED_VALUE"""),"REUNION") -> REUNION | C69: =IFERROR(__xludf.DUMMYFUNCTION("""COMPUTED_VALUE"""),"FUNCIONARIO") -> FUNCIONARIO | D69: =IFERROR(__xludf.DUMMYFUNCTION("""COMPUTED_VALUE"""),"AUTOCUIDADO") -> AUTOCUIDADO | E69: =IFERROR(__xludf.DUMMYFUNCTION("""COMPUTED_VALUE"""),0.6) -> 0.6 | F69: =IFERROR(__xludf.DUMMYFUNCTION("""COMPUTED_VALUE"""),"Independiente") -> Independiente | G69: =IFERROR(__xludf.DUMMYFUNCTION("""COMPUTED_VALUE"""),0.6) -> 0.6 | H69: =IFERROR(__xludf.DUMMYFUNCTION("""COMPUTED_VALUE"""),"CAROL AMBO AMPUEROREUNIONFUNCIONARIOAUTOCUIDADO") -> CAROL AMBO AMPUEROREUNIONFUNCIONARIOAUTOCUIDADO
A70: =IFERROR(__xludf.DUMMYFUNCTION("""COMPUTED_VALUE"""),"CAROL AMBO AMPUERO") -> CAROL AMBO AMPUERO | B70: =IFERROR(__xludf.DUMMYFUNCTION("""COMPUTED_VALUE"""),"REUNION") -> REUNION | C70: =IFERROR(__xludf.DUMMYFUNCTION("""COMPUTED_VALUE"""),"MAISFC") -> MAISFC | D70: =IFERROR(__xludf.DUMMYFUNCTION("""COMPUTED_VALUE"""),"CONSEJO AMPLIADO") -> CONSEJO AMPLIADO | E70: =IFERROR(__xludf.DUMMYFUNCTION("""COMPUTED_VALUE"""),0.5) -> 0.5 | F70: =IFERROR(__xludf.DUMMYFUNCTION("""COMPUTED_VALUE"""),"Independiente") -> Independiente | G70: =IFERROR(__xludf.DUMMYFUNCTION("""COMPUTED_VALUE"""),0.5) -> 0.5 | H70: =IFERROR(__xludf.DUMMYFUNCTION("""COMPUTED_VALUE"""),"CAROL AMBO AMPUEROREUNIONMAISFCCONSEJO AMPLIADO") -> CAROL AMBO AMPUEROREUNIONMAISFCCONSEJO AMPLIADO
A71: =IFERROR(__xludf.DUMMYFUNCTION("""COMPUTED_VALUE"""),"CAROL AMBO AMPUERO") -> CAROL AMBO AMPUERO | B71: =IFERROR(__xludf.DUMMYFUNCTION("""COMPUTED_VALUE"""),"REUNION") -> REUNION | C71: =IFERROR(__xludf.DUMMYFUNCTION("""COMPUTED_VALUE"""),"MAISFC") -> MAISFC | D71: =IFERROR(__xludf.DUMMYFUNCTION("""COMPUTED_VALUE"""),"REUNIÓN EQUIPO CABECERA") -> REUNIÓN EQUIPO CABECERA | E71: =IFERROR(__xludf.DUMMYFUNCTION("""COMPUTED_VALUE"""),0.5) -> 0.5 | F71: =IFERROR(__xludf.DUMMYFUNCTION("""COMPUTED_VALUE"""),"Independiente") -> Independiente | G71: =IFERROR(__xludf.DUMMYFUNCTION("""COMPUTED_VALUE"""),0.5) -> 0.5 | H71: =IFERROR(__xludf.DUMMYFUNCTION("""COMPUTED_VALUE"""),"CAROL AMBO AMPUEROREUNIONMAISFCREUNIÓN EQUIPO CABECERA") -> CAROL AMBO AMPUEROREUNIONMAISFCREUNIÓN EQUIPO CABECERA
A72: =IFERROR(__xludf.DUMMYFUNCTION("""COMPUTED_VALUE"""),"CAROL AMBO AMPUERO") -> CAROL AMBO AMPUERO | B72: =IFERROR(__xludf.DUMMYFUNCTION("""COMPUTED_VALUE"""),"REUNION") -> REUNION | C72: =IFERROR(__xludf.DUMMYFUNCTION("""COMPUTED_VALUE"""),"MAISFC") -> MAISFC | D72: =IFERROR(__xludf.DUMMYFUNCTION("""COMPUTED_VALUE"""),"REUNIÓN SECTOR (2 HRS - X12)") -> REUNIÓN SECTOR (2 HRS - X12) | E72: =IFERROR(__xludf.DUMMYFUNCTION("""COMPUTED_VALUE"""),0.6) -> 0.6 | F72: =IFERROR(__xludf.DUMMYFUNCTION("""COMPUTED_VALUE"""),"Independiente") -> Independiente | G72: =IFERROR(__xludf.DUMMYFUNCTION("""COMPUTED_VALUE"""),0.6) -> 0.6 | H72: =IFERROR(__xludf.DUMMYFUNCTION("""COMPUTED_VALUE"""),"CAROL AMBO AMPUEROREUNIONMAISFCREUNIÓN SECTOR (2 HRS - X12)") -> CAROL AMBO AMPUEROREUNIONMAISFCREUNIÓN SECTOR (2 HRS - X12)
A73: =IFERROR(__xludf.DUMMYFUNCTION("""COMPUTED_VALUE"""),"ALEJANDRO REYES MURILLO") -> ALEJANDRO REYES MURILLO | B73: =IFERROR(__xludf.DUMMYFUNCTION("""COMPUTED_VALUE"""),"REUNION") -> REUNION | C73: =IFERROR(__xludf.DUMMYFUNCTION("""COMPUTED_VALUE"""),"FUNCIONARIO") -> FUNCIONARIO | D73: =IFERROR(__xludf.DUMMYFUNCTION("""COMPUTED_VALUE"""),"AUTOCUIDADO") -> AUTOCUIDADO | E73: =IFERROR(__xludf.DUMMYFUNCTION("""COMPUTED_VALUE"""),0.6) -> 0.6 | F73: =IFERROR(__xludf.DUMMYFUNCTION("""COMPUTED_VALUE"""),"Independiente") -> Independiente | G73: =IFERROR(__xludf.DUMMYFUNCTION("""COMPUTED_VALUE"""),0.6) -> 0.6 | H73: =IFERROR(__xludf.DUMMYFUNCTION("""COMPUTED_VALUE"""),"ALEJANDRO REYES MURILLOREUNIONFUNCIONARIOAUTOCUIDADO") -> ALEJANDRO REYES MURILLOREUNIONFUNCIONARIOAUTOCUIDADO
A74: =IFERROR(__xludf.DUMMYFUNCTION("""COMPUTED_VALUE"""),"ALEJANDRO REYES MURILLO") -> ALEJANDRO REYES MURILLO | B74: =IFERROR(__xludf.DUMMYFUNCTION("""COMPUTED_VALUE"""),"REUNION") -> REUNION | C74: =IFERROR(__xludf.DUMMYFUNCTION("""COMPUTED_VALUE"""),"MAISFC") -> MAISFC | D74: =IFERROR(__xludf.DUMMYFUNCTION("""COMPUTED_VALUE"""),"CONSEJO AMPLIADO") -> CONSEJO AMPLIADO | E74: =IFERROR(__xludf.DUMMYFUNCTION("""COMPUTED_VALUE"""),0.5) -> 0.5 | F74: =IFERROR(__xludf.DUMMYFUNCTION("""COMPUTED_VALUE"""),"Independiente") -> Independiente | G74: =IFERROR(__xludf.DUMMYFUNCTION("""COMPUTED_VALUE"""),0.5) -> 0.5 | H74: =IFERROR(__xludf.DUMMYFUNCTION("""COMPUTED_VALUE"""),"ALEJANDRO REYES MURILLOREUNIONMAISFCCONSEJO AMPLIADO") -> ALEJANDRO REYES MURILLOREUNIONMAISFCCONSEJO AMPLIADO
A75: =IFERROR(__xludf.DUMMYFUNCTION("""COMPUTED_VALUE"""),"ALEJANDRO REYES MURILLO") -> ALEJANDRO REYES MURILLO | B75: =IFERROR(__xludf.DUMMYFUNCTION("""COMPUTED_VALUE"""),"REUNION") -> REUNION | C75: =IFERROR(__xludf.DUMMYFUNCTION("""COMPUTED_VALUE"""),"MAISFC") -> MAISFC | D75: =IFERROR(__xludf.DUMMYFUNCTION("""COMPUTED_VALUE"""),"REUNIÓN EQUIPO CABECERA") -> REUNIÓN EQUIPO CABECERA | E75: =IFERROR(__xludf.DUMMYFUNCTION("""COMPUTED_VALUE"""),0.5) -> 0.5 | F75: =IFERROR(__xludf.DUMMYFUNCTION("""COMPUTED_VALUE"""),"Independiente") -> Independiente | G75: =IFERROR(__xludf.DUMMYFUNCTION("""COMPUTED_VALUE"""),0.5) -> 0.5 | H75: =IFERROR(__xludf.DUMMYFUNCTION("""COMPUTED_VALUE"""),"ALEJANDRO REYES MURILLOREUNIONMAISFCREUNIÓN EQUIPO CABECERA") -> ALEJANDRO REYES MURILLOREUNIONMAISFCREUNIÓN EQUIPO CABECERA
A76: =IFERROR(__xludf.DUMMYFUNCTION("""COMPUTED_VALUE"""),"ALEJANDRO REYES MURILLO") -> ALEJANDRO REYES MURILLO | B76: =IFERROR(__xludf.DUMMYFUNCTION("""COMPUTED_VALUE"""),"REUNION") -> REUNION | C76: =IFERROR(__xludf.DUMMYFUNCTION("""COMPUTED_VALUE"""),"MAISFC") -> MAISFC | D76: =IFERROR(__xludf.DUMMYFUNCTION("""COMPUTED_VALUE"""),"REUNIÓN SECTOR (2 HRS - X12)") -> REUNIÓN SECTOR (2 HRS - X12) | E76: =IFERROR(__xludf.DUMMYFUNCTION("""COMPUTED_VALUE"""),0.6) -> 0.6 | F76: =IFERROR(__xludf.DUMMYFUNCTION("""COMPUTED_VALUE"""),"Independiente") -> Independiente | G76: =IFERROR(__xludf.DUMMYFUNCTION("""COMPUTED_VALUE"""),0.6) -> 0.6 | H76: =IFERROR(__xludf.DUMMYFUNCTION("""COMPUTED_VALUE"""),"ALEJANDRO REYES MURILLOREUNIONMAISFCREUNIÓN SECTOR (2 HRS - X12)") -> ALEJANDRO REYES MURILLOREUNIONMAISFCREUNIÓN SECTOR (2 HRS - X12)
A77: =IFERROR(__xludf.DUMMYFUNCTION("""COMPUTED_VALUE"""),"PAULA ABARCA MORALES") -> PAULA ABARCA MORALES | B77: =IFERROR(__xludf.DUMMYFUNCTION("""COMPUTED_VALUE"""),"REUNION") -> REUNION | C77: =IFERROR(__xludf.DUMMYFUNCTION("""COMPUTED_VALUE"""),"MAISFC") -> MAISFC | D77: =IFERROR(__xludf.DUMMYFUNCTION("""COMPUTED_VALUE"""),"CONSEJO AMPLIADO") -> CONSEJO AMPLIADO | E77: =IFERROR(__xludf.DUMMYFUNCTION("""COMPUTED_VALUE"""),0.5) -> 0.5 | F77: =IFERROR(__xludf.DUMMYFUNCTION("""COMPUTED_VALUE"""),"Independiente") -> Independiente | G77: =IFERROR(__xludf.DUMMYFUNCTION("""COMPUTED_VALUE"""),0.5) -> 0.5 | H77: =IFERROR(__xludf.DUMMYFUNCTION("""COMPUTED_VALUE"""),"PAULA ABARCA MORALESREUNIONMAISFCCONSEJO AMPLIADO") -> PAULA ABARCA MORALESREUNIONMAISFCCONSEJO AMPLIADO
A78: =IFERROR(__xludf.DUMMYFUNCTION("""COMPUTED_VALUE"""),"PAULA ABARCA MORALES") -> PAULA ABARCA MORALES | B78: =IFERROR(__xludf.DUMMYFUNCTION("""COMPUTED_VALUE"""),"REUNION") -> REUNION | C78: =IFERROR(__xludf.DUMMYFUNCTION("""COMPUTED_VALUE"""),"MAISFC") -> MAISFC | D78: =IFERROR(__xludf.DUMMYFUNCTION("""COMPUTED_VALUE"""),"REUNIÓN EQUIPO CABECERA") -> REUNIÓN EQUIPO CABECERA | E78: =IFERROR(__xludf.DUMMYFUNCTION("""COMPUTED_VALUE"""),0.5) -> 0.5 | F78: =IFERROR(__xludf.DUMMYFUNCTION("""COMPUTED_VALUE"""),"Independiente") -> Independiente | G78: =IFERROR(__xludf.DUMMYFUNCTION("""COMPUTED_VALUE"""),0.5) -> 0.5 | H78: =IFERROR(__xludf.DUMMYFUNCTION("""COMPUTED_VALUE"""),"PAULA ABARCA MORALESREUNIONMAISFCREUNIÓN EQUIPO CABECERA") -> PAULA ABARCA MORALESREUNIONMAISFCREUNIÓN EQUIPO CABECERA
A79: =IFERROR(__xludf.DUMMYFUNCTION("""COMPUTED_VALUE"""),"PAULA ABARCA MORALES") -> PAULA ABARCA MORALES | B79: =IFERROR(__xludf.DUMMYFUNCTION("""COMPUTED_VALUE"""),"REUNION") -> REUNION | C79: =IFERROR(__xludf.DUMMYFUNCTION("""COMPUTED_VALUE"""),"MAISFC") -> MAISFC | D79: =IFERROR(__xludf.DUMMYFUNCTION("""COMPUTED_VALUE"""),"REUNIÓN SECTOR (2 HRS - X12)") -> REUNIÓN SECTOR (2 HRS - X12) | E79: =IFERROR(__xludf.DUMMYFUNCTION("""COMPUTED_VALUE"""),0.6) -> 0.6 | F79: =IFERROR(__xludf.DUMMYFUNCTION("""COMPUTED_VALUE"""),"Independiente") -> Independiente | G79: =IFERROR(__xludf.DUMMYFUNCTION("""COMPUTED_VALUE"""),0.6) -> 0.6 | H79: =IFERROR(__xludf.DUMMYFUNCTION("""COMPUTED_VALUE"""),"PAULA ABARCA MORALESREUNIONMAISFCREUNIÓN SECTOR (2 HRS - X12)") -> PAULA ABARCA MORALESREUNIONMAISFCREUNIÓN SECTOR (2 HRS - X12)
A80: =IFERROR(__xludf.DUMMYFUNCTION("""COMPUTED_VALUE"""),"PAULA ABARCA MORALES") -> PAULA ABARCA MORALES | B80: =IFERROR(__xludf.DUMMYFUNCTION("""COMPUTED_VALUE"""),"REUNION") -> REUNION | C80: =IFERROR(__xludf.DUMMYFUNCTION("""COMPUTED_VALUE"""),"FUNCIONARIO") -> FUNCIONARIO | D80: =IFERROR(__xludf.DUMMYFUNCTION("""COMPUTED_VALUE"""),"AUTOCUIDADO") -> AUTOCUIDADO | E80: =IFERROR(__xludf.DUMMYFUNCTION("""COMPUTED_VALUE"""),0.6) -> 0.6 | F80: =IFERROR(__xludf.DUMMYFUNCTION("""COMPUTED_VALUE"""),"Independiente") -> Independiente | G80: =IFERROR(__xludf.DUMMYFUNCTION("""COMPUTED_VALUE"""),0.6) -> 0.6 | H80: =IFERROR(__xludf.DUMMYFUNCTION("""COMPUTED_VALUE"""),"PAULA ABARCA MORALESREUNIONFUNCIONARIOAUTOCUIDADO") -> PAULA ABARCA MORALESREUNIONFUNCIONARIOAUTOCUIDADO
A81: =IFERROR(__xludf.DUMMYFUNCTION("""COMPUTED_VALUE"""),"PAULINA DIAZ MEDINA") -> PAULINA DIAZ MEDINA | B81: =IFERROR(__xludf.DUMMYFUNCTION("""COMPUTED_VALUE"""),"REUNION") -> REUNION | C81: =IFERROR(__xludf.DUMMYFUNCTION("""COMPUTED_VALUE"""),"FUNCIONARIO") -> FUNCIONARIO | D81: =IFERROR(__xludf.DUMMYFUNCTION("""COMPUTED_VALUE"""),"AUTOCUIDADO") -> AUTOCUIDADO | E81: =IFERROR(__xludf.DUMMYFUNCTION("""COMPUTED_VALUE"""),0.6) -> 0.6 | F81: =IFERROR(__xludf.DUMMYFUNCTION("""COMPUTED_VALUE"""),"Independiente") -> Independiente | G81: =IFERROR(__xludf.DUMMYFUNCTION("""COMPUTED_VALUE"""),0.6) -> 0.6 | H81: =IFERROR(__xludf.DUMMYFUNCTION("""COMPUTED_VALUE"""),"PAULINA DIAZ MEDINAREUNIONFUNCIONARIOAUTOCUIDADO") -> PAULINA DIAZ MEDINAREUNIONFUNCIONARIOAUTOCUIDADO
A82: =IFERROR(__xludf.DUMMYFUNCTION("""COMPUTED_VALUE"""),"PAULINA DIAZ MEDINA") -> PAULINA DIAZ MEDINA | B82: =IFERROR(__xludf.DUMMYFUNCTION("""COMPUTED_VALUE"""),"REUNION") -> REUNION | C82: =IFERROR(__xludf.DUMMYFUNCTION("""COMPUTED_VALUE"""),"MAISFC") -> MAISFC | D82: =IFERROR(__xludf.DUMMYFUNCTION("""COMPUTED_VALUE"""),"CONSEJO AMPLIADO") -> CONSEJO AMPLIADO | E82: =IFERROR(__xludf.DUMMYFUNCTION("""COMPUTED_VALUE"""),0.5) -> 0.5 | F82: =IFERROR(__xludf.DUMMYFUNCTION("""COMPUTED_VALUE"""),"Independiente") -> Independiente | G82: =IFERROR(__xludf.DUMMYFUNCTION("""COMPUTED_VALUE"""),0.5) -> 0.5 | H82: =IFERROR(__xludf.DUMMYFUNCTION("""COMPUTED_VALUE"""),"PAULINA DIAZ MEDINAREUNIONMAISFCCONSEJO AMPLIADO") -> PAULINA DIAZ MEDINAREUNIONMAISFCCONSEJO AMPLIADO
A83: =IFERROR(__xludf.DUMMYFUNCTION("""COMPUTED_VALUE"""),"PAULINA DIAZ MEDINA") -> PAULINA DIAZ MEDINA | B83: =IFERROR(__xludf.DUMMYFUNCTION("""COMPUTED_VALUE"""),"REUNION") -> REUNION | C83: =IFERROR(__xludf.DUMMYFUNCTION("""COMPUTED_VALUE"""),"MAISFC") -> MAISFC | D83: =IFERROR(__xludf.DUMMYFUNCTION("""COMPUTED_VALUE"""),"REUNIÓN EQUIPO CABECERA") -> REUNIÓN EQUIPO CABECERA | E83: =IFERROR(__xludf.DUMMYFUNCTION("""COMPUTED_VALUE"""),0.5) -> 0.5 | F83: =IFERROR(__xludf.DUMMYFUNCTION("""COMPUTED_VALUE"""),"Independiente") -> Independiente | G83: =IFERROR(__xludf.DUMMYFUNCTION("""COMPUTED_VALUE"""),0.5) -> 0.5 | H83: =IFERROR(__xludf.DUMMYFUNCTION("""COMPUTED_VALUE"""),"PAULINA DIAZ MEDINAREUNIONMAISFCREUNIÓN EQUIPO CABECERA") -> PAULINA DIAZ MEDINAREUNIONMAISFCREUNIÓN EQUIPO CABECERA
A84: =IFERROR(__xludf.DUMMYFUNCTION("""COMPUTED_VALUE"""),"PAULINA DIAZ MEDINA") -> PAULINA DIAZ MEDINA | B84: =IFERROR(__xludf.DUMMYFUNCTION("""COMPUTED_VALUE"""),"REUNION") -> REUNION | C84: =IFERROR(__xludf.DUMMYFUNCTION("""COMPUTED_VALUE"""),"MAISFC") -> MAISFC | D84: =IFERROR(__xludf.DUMMYFUNCTION("""COMPUTED_VALUE"""),"REUNIÓN SECTOR (2 HRS - X12)") -> REUNIÓN SECTOR (2 HRS - X12) | E84: =IFERROR(__xludf.DUMMYFUNCTION("""COMPUTED_VALUE"""),0.6) -> 0.6 | F84: =IFERROR(__xludf.DUMMYFUNCTION("""COMPUTED_VALUE"""),"Independiente") -> Independiente | G84: =IFERROR(__xludf.DUMMYFUNCTION("""COMPUTED_VALUE"""),0.6) -> 0.6 | H84: =IFERROR(__xludf.DUMMYFUNCTION("""COMPUTED_VALUE"""),"PAULINA DIAZ MEDINAREUNIONMAISFCREUNIÓN SECTOR (2 HRS - X12)") -> PAULINA DIAZ MEDINAREUNIONMAISFCREUNIÓN SECTOR (2 HRS - X12)
A85: =IFERROR(__xludf.DUMMYFUNCTION("""COMPUTED_VALUE"""),"DANIELA ROJAS GAMBOA") -> DANIELA ROJAS GAMBOA | B85: =IFERROR(__xludf.DUMMYFUNCTION("""COMPUTED_VALUE"""),"REUNION") -> REUNION | C85: =IFERROR(__xludf.DUMMYFUNCTION("""COMPUTED_VALUE"""),"FUNCIONARIO") -> FUNCIONARIO | D85: =IFERROR(__xludf.DUMMYFUNCTION("""COMPUTED_VALUE"""),"AUTOCUIDADO") -> AUTOCUIDADO | E85: =IFERROR(__xludf.DUMMYFUNCTION("""COMPUTED_VALUE"""),0.6) -> 0.6 | F85: =IFERROR(__xludf.DUMMYFUNCTION("""COMPUTED_VALUE"""),"Independiente") -> Independiente | G85: =IFERROR(__xludf.DUMMYFUNCTION("""COMPUTED_VALUE"""),0.6) -> 0.6 | H85: =IFERROR(__xludf.DUMMYFUNCTION("""COMPUTED_VALUE"""),"DANIELA ROJAS GAMBOAREUNIONFUNCIONARIOAUTOCUIDADO") -> DANIELA ROJAS GAMBOAREUNIONFUNCIONARIOAUTOCUIDADO
A86: =IFERROR(__xludf.DUMMYFUNCTION("""COMPUTED_VALUE"""),"DANIELA ROJAS GAMBOA") -> DANIELA ROJAS GAMBOA | B86: =IFERROR(__xludf.DUMMYFUNCTION("""COMPUTED_VALUE"""),"REUNION") -> REUNION | C86: =IFERROR(__xludf.DUMMYFUNCTION("""COMPUTED_VALUE"""),"MAISFC") -> MAISFC | D86: =IFERROR(__xludf.DUMMYFUNCTION("""COMPUTED_VALUE"""),"CONSEJO AMPLIADO") -> CONSEJO AMPLIADO | E86: =IFERROR(__xludf.DUMMYFUNCTION("""COMPUTED_VALUE"""),0.5) -> 0.5 | F86: =IFERROR(__xludf.DUMMYFUNCTION("""COMPUTED_VALUE"""),"Independiente") -> Independiente | G86: =IFERROR(__xludf.DUMMYFUNCTION("""COMPUTED_VALUE"""),0.5) -> 0.5 | H86: =IFERROR(__xludf.DUMMYFUNCTION("""COMPUTED_VALUE"""),"DANIELA ROJAS GAMBOAREUNIONMAISFCCONSEJO AMPLIADO") -> DANIELA ROJAS GAMBOAREUNIONMAISFCCONSEJO AMPLIADO
A87: =IFERROR(__xludf.DUMMYFUNCTION("""COMPUTED_VALUE"""),"DANIELA ROJAS GAMBOA") -> DANIELA ROJAS GAMBOA | B87: =IFERROR(__xludf.DUMMYFUNCTION("""COMPUTED_VALUE"""),"REUNION") -> REUNION | C87: =IFERROR(__xludf.DUMMYFUNCTION("""COMPUTED_VALUE"""),"MAISFC") -> MAISFC | D87: =IFERROR(__xludf.DUMMYFUNCTION("""COMPUTED_VALUE"""),"REUNIÓN SECTOR (2 HRS - X12)") -> REUNIÓN SECTOR (2 HRS - X12) | E87: =IFERROR(__xludf.DUMMYFUNCTION("""COMPUTED_VALUE"""),0.6) -> 0.6 | F87: =IFERROR(__xludf.DUMMYFUNCTION("""COMPUTED_VALUE"""),"Independiente") -> Independiente | G87: =IFERROR(__xludf.DUMMYFUNCTION("""COMPUTED_VALUE"""),0.6) -> 0.6 | H87: =IFERROR(__xludf.DUMMYFUNCTION("""COMPUTED_VALUE"""),"DANIELA ROJAS GAMBOAREUNIONMAISFCREUNIÓN SECTOR (2 HRS - X12)") -> DANIELA ROJAS GAMBOAREUNIONMAISFCREUNIÓN SECTOR (2 HRS - X12)
A88: =IFERROR(__xludf.DUMMYFUNCTION("""COMPUTED_VALUE"""),"DANIELA ROJAS GAMBOA") -> DANIELA ROJAS GAMBOA | B88: =IFERROR(__xludf.DUMMYFUNCTION("""COMPUTED_VALUE"""),"REUNION") -> REUNION | C88: =IFERROR(__xludf.DUMMYFUNCTION("""COMPUTED_VALUE"""),"MAISFC") -> MAISFC | D88: =IFERROR(__xludf.DUMMYFUNCTION("""COMPUTED_VALUE"""),"REUNIÓN EQUIPO CABECERA") -> REUNIÓN EQUIPO CABECERA | E88: =IFERROR(__xludf.DUMMYFUNCTION("""COMPUTED_VALUE"""),0.5) -> 0.5 | F88: =IFERROR(__xludf.DUMMYFUNCTION("""COMPUTED_VALUE"""),"Independiente") -> Independiente | G88: =IFERROR(__xludf.DUMMYFUNCTION("""COMPUTED_VALUE"""),0.5) -> 0.5 | H88: =IFERROR(__xludf.DUMMYFUNCTION("""COMPUTED_VALUE"""),"DANIELA ROJAS GAMBOAREUNIONMAISFCREUNIÓN EQUIPO CABECERA") -> DANIELA ROJAS GAMBOAREUNIONMAISFCREUNIÓN EQUIPO CABECERA
A89: =IFERROR(__xludf.DUMMYFUNCTION("""COMPUTED_VALUE"""),"LUIS GONZALEZ SEPULVEDA") -> LUIS GONZALEZ SEPULVEDA | B89: =IFERROR(__xludf.DUMMYFUNCTION("""COMPUTED_VALUE"""),"REUNION") -> REUNION | C89: =IFERROR(__xludf.DUMMYFUNCTION("""COMPUTED_VALUE"""),"FUNCIONARIO") -> FUNCIONARIO | D89: =IFERROR(__xludf.DUMMYFUNCTION("""COMPUTED_VALUE"""),"AUTOCUIDADO") -> AUTOCUIDADO | E89: =IFERROR(__xludf.DUMMYFUNCTION("""COMPUTED_VALUE"""),0.6) -> 0.6 | F89: =IFERROR(__xludf.DUMMYFUNCTION("""COMPUTED_VALUE"""),"Independiente") -> Independiente | G89: =IFERROR(__xludf.DUMMYFUNCTION("""COMPUTED_VALUE"""),0.6) -> 0.6 | H89: =IFERROR(__xludf.DUMMYFUNCTION("""COMPUTED_VALUE"""),"LUIS GONZALEZ SEPULVEDAREUNIONFUNCIONARIOAUTOCUIDADO") -> LUIS GONZALEZ SEPULVEDAREUNIONFUNCIONARIOAUTOCUIDADO
A90: =IFERROR(__xludf.DUMMYFUNCTION("""COMPUTED_VALUE"""),"LUIS GONZALEZ SEPULVEDA") -> LUIS GONZALEZ SEPULVEDA | B90: =IFERROR(__xludf.DUMMYFUNCTION("""COMPUTED_VALUE"""),"REUNION") -> REUNION | C90: =IFERROR(__xludf.DUMMYFUNCTION("""COMPUTED_VALUE"""),"MAISFC") -> MAISFC | D90: =IFERROR(__xludf.DUMMYFUNCTION("""COMPUTED_VALUE"""),"CONSEJO AMPLIADO") -> CONSEJO AMPLIADO | E90: =IFERROR(__xludf.DUMMYFUNCTION("""COMPUTED_VALUE"""),0.5) -> 0.5 | F90: =IFERROR(__xludf.DUMMYFUNCTION("""COMPUTED_VALUE"""),"Independiente") -> Independiente | G90: =IFERROR(__xludf.DUMMYFUNCTION("""COMPUTED_VALUE"""),0.5) -> 0.5 | H90: =IFERROR(__xludf.DUMMYFUNCTION("""COMPUTED_VALUE"""),"LUIS GONZALEZ SEPULVEDAREUNIONMAISFCCONSEJO AMPLIADO") -> LUIS GONZALEZ SEPULVEDAREUNIONMAISFCCONSEJO AMPLIADO
A91: =IFERROR(__xludf.DUMMYFUNCTION("""COMPUTED_VALUE"""),"LUIS GONZALEZ SEPULVEDA") -> LUIS GONZALEZ SEPULVEDA | B91: =IFERROR(__xludf.DUMMYFUNCTION("""COMPUTED_VALUE"""),"REUNION") -> REUNION | C91: =IFERROR(__xludf.DUMMYFUNCTION("""COMPUTED_VALUE"""),"MAISFC") -> MAISFC | D91: =IFERROR(__xludf.DUMMYFUNCTION("""COMPUTED_VALUE"""),"REUNIÓN EQUIPO CABECERA") -> REUNIÓN EQUIPO CABECERA | E91: =IFERROR(__xludf.DUMMYFUNCTION("""COMPUTED_VALUE"""),0.5) -> 0.5 | F91: =IFERROR(__xludf.DUMMYFUNCTION("""COMPUTED_VALUE"""),"Independiente") -> Independiente | G91: =IFERROR(__xludf.DUMMYFUNCTION("""COMPUTED_VALUE"""),0.5) -> 0.5 | H91: =IFERROR(__xludf.DUMMYFUNCTION("""COMPUTED_VALUE"""),"LUIS GONZALEZ SEPULVEDAREUNIONMAISFCREUNIÓN EQUIPO CABECERA") -> LUIS GONZALEZ SEPULVEDAREUNIONMAISFCREUNIÓN EQUIPO CABECERA
A92: =IFERROR(__xludf.DUMMYFUNCTION("""COMPUTED_VALUE"""),"LUIS GONZALEZ SEPULVEDA") -> LUIS GONZALEZ SEPULVEDA | B92: =IFERROR(__xludf.DUMMYFUNCTION("""COMPUTED_VALUE"""),"REUNION") -> REUNION | C92: =IFERROR(__xludf.DUMMYFUNCTION("""COMPUTED_VALUE"""),"MAISFC") -> MAISFC | D92: =IFERROR(__xludf.DUMMYFUNCTION("""COMPUTED_VALUE"""),"REUNIÓN SECTOR (2 HRS - X12)") -> REUNIÓN SECTOR (2 HRS - X12) | E92: =IFERROR(__xludf.DUMMYFUNCTION("""COMPUTED_VALUE"""),0.6) -> 0.6 | F92: =IFERROR(__xludf.DUMMYFUNCTION("""COMPUTED_VALUE"""),"Independiente") -> Independiente | G92: =IFERROR(__xludf.DUMMYFUNCTION("""COMPUTED_VALUE"""),0.6) -> 0.6 | H92: =IFERROR(__xludf.DUMMYFUNCTION("""COMPUTED_VALUE"""),"LUIS GONZALEZ SEPULVEDAREUNIONMAISFCREUNIÓN SECTOR (2 HRS - X12)") -> LUIS GONZALEZ SEPULVEDAREUNIONMAISFCREUNIÓN SECTOR (2 HRS - X12)
A93: =IFERROR(__xludf.DUMMYFUNCTION("""COMPUTED_VALUE"""),"MYRRHA ANDAUR MARTINEZ") -> MYRRHA ANDAUR MARTINEZ | B93: =IFERROR(__xludf.DUMMYFUNCTION("""COMPUTED_VALUE"""),"REUNION") -> REUNION | C93: =IFERROR(__xludf.DUMMYFUNCTION("""COMPUTED_VALUE"""),"FUNCIONARIO") -> FUNCIONARIO | D93: =IFERROR(__xludf.DUMMYFUNCTION("""COMPUTED_VALUE"""),"AUTOCUIDADO") -> AUTOCUIDADO | E93: =IFERROR(__xludf.DUMMYFUNCTION("""COMPUTED_VALUE"""),0.6) -> 0.6 | F93: =IFERROR(__xludf.DUMMYFUNCTION("""COMPUTED_VALUE"""),"Independiente") -> Independiente | G93: =IFERROR(__xludf.DUMMYFUNCTION("""COMPUTED_VALUE"""),0.6) -> 0.6 | H93: =IFERROR(__xludf.DUMMYFUNCTION("""COMPUTED_VALUE"""),"MYRRHA ANDAUR MARTINEZREUNIONFUNCIONARIOAUTOCUIDADO") -> MYRRHA ANDAUR MARTINEZREUNIONFUNCIONARIOAUTOCUIDADO
